constraint_id,constraint_type,generic_land_use_type_id,maximum,minimum,plan_type_id
369,units_per_acre,2,1012.0,0.0,1
831,far,3,12.0,1.0,2
370,units_per_acre,2,600.0,0.0,2
1296,far,4,12.0,1.0,2
1893,far,6,12.0,1.0,2
371,units_per_acre,2,566.28,0.0,3
372,units_per_acre,2,516.186,0.0,4
832,far,3,1.5,0.0,4
1894,far,6,1.5,0.0,4
1297,far,4,1.5,0.0,4
1298,far,4,8.0,0.0,5
833,far,3,8.0,0.0,5
373,units_per_acre,2,479.16,0.0,5
1895,far,6,8.0,0.0,5
374,units_per_acre,2,467.617,0.0,6
1299,far,4,2.5,0.0,6
834,far,3,2.5,0.0,6
1896,far,6,2.5,0.0,6
1300,far,4,2.5,0.0,7
1897,far,6,2.5,0.0,7
835,far,3,2.5,0.0,7
375,units_per_acre,2,444.312,0.0,7
836,far,3,1.5,0.0,8
1301,far,4,1.5,0.0,8
376,units_per_acre,2,393.782,0.0,8
1898,far,6,1.5,0.0,8
837,far,3,11.0,0.0,9
1899,far,6,11.0,0.0,9
1302,far,4,11.0,0.0,9
377,units_per_acre,2,383.328,0.0,9
1303,far,4,4.0,0.0,10
838,far,3,4.0,0.0,10
1900,far,6,4.0,0.0,10
378,units_per_acre,2,388.555,0.0,10
839,far,3,5.5,0.0,11
1901,far,6,5.5,0.0,11
379,units_per_acre,2,374.0,0.0,11
1304,far,4,5.5,0.0,11
380,units_per_acre,2,360.0,0.0,12
1305,far,4,4.5,0.0,12
840,far,3,4.5,0.0,12
1902,far,6,4.5,0.0,12
1903,far,6,7.0,0.0,13
841,far,3,7.0,0.0,13
1306,far,4,7.0,0.0,13
381,units_per_acre,2,350.0,0.0,13
1307,far,4,0.5,0.0,14
1904,far,6,0.5,0.0,14
382,units_per_acre,2,350.0,0.0,14
842,far,3,8.0,0.0,15
383,units_per_acre,2,321.255,0.0,15
1308,far,4,8.0,0.0,15
1905,far,6,8.0,0.0,15
1309,far,4,1.5,0.0,16
384,units_per_acre,2,313.632,0.0,16
843,far,3,1.5,0.0,16
1906,far,6,1.5,0.0,16
844,far,3,9.5,0.0,17
385,units_per_acre,2,300.0,0.0,17
1310,far,4,9.5,0.0,17
1907,far,6,9.5,0.0,17
1908,far,6,6.0,0.0,18
386,units_per_acre,2,300.0,40.0,18
845,far,3,6.0,0.0,18
1311,far,4,6.0,0.0,18
387,units_per_acre,2,300.0,0.0,19
1312,far,4,6.0,1.0,19
1313,far,4,6.0,1.0,20
388,units_per_acre,2,300.0,0.0,20
846,far,3,6.0,1.0,20
1909,far,6,6.0,1.0,20
389,units_per_acre,2,300.0,0.0,21
1314,far,4,4.0,1.0,21
1910,far,6,6.0,0.0,22
390,units_per_acre,2,296.208,0.0,22
847,far,3,6.0,0.0,22
1315,far,4,6.0,0.0,22
391,units_per_acre,2,275.0,0.0,23
1911,far,6,9.0,0.0,23
1316,far,4,9.0,0.0,23
848,far,3,9.0,0.0,23
1317,far,4,8.0,0.0,24
849,far,3,8.0,0.0,24
1912,far,6,8.0,0.0,24
392,units_per_acre,2,275.0,0.0,24
1318,far,4,8.0,0.0,25
1913,far,6,8.0,0.0,25
393,units_per_acre,2,275.0,1.0,25
850,far,3,8.0,0.0,25
851,far,3,7.0,0.0,26
1319,far,4,7.0,0.0,26
1914,far,6,7.0,0.0,26
394,units_per_acre,2,275.0,0.0,26
1915,far,6,4.0,0.0,27
395,units_per_acre,2,275.648,0.0,27
852,far,3,4.0,0.0,27
1320,far,4,4.0,0.0,27
1916,far,6,21.0,0.0,28
396,units_per_acre,2,257.004,0.0,28
1321,far,4,21.0,0.0,28
853,far,3,21.0,0.0,28
397,units_per_acre,2,260.0,0.0,29
1917,far,6,9.0,0.0,29
854,far,3,9.0,0.0,29
1322,far,4,9.0,0.0,29
1323,far,4,7.0,0.0,30
398,units_per_acre,2,261.36,0.0,30
855,far,3,7.0,0.0,30
1918,far,6,7.0,0.0,30
1919,far,6,4.5,0.0,31
856,far,3,4.5,0.0,31
1324,far,4,4.5,0.0,31
399,units_per_acre,2,258.42,0.0,31
400,units_per_acre,2,250.0,75.0,32
1325,far,4,10.0,0.0,32
1920,far,6,10.0,0.0,32
857,far,3,10.0,0.0,32
1921,far,6,7.0,0.0,33
1326,far,4,7.0,0.0,33
401,units_per_acre,2,250.0,0.0,33
858,far,3,7.0,0.0,33
1922,far,6,4.5,0.0,34
859,far,3,4.5,0.0,34
1327,far,4,4.5,0.0,34
402,units_per_acre,2,250.906,0.0,34
860,far,3,5.0,0.0,35
1923,far,6,5.0,0.0,35
1328,far,4,5.0,0.0,35
403,units_per_acre,2,250.0,0.0,35
1329,far,4,8.0,0.0,36
404,units_per_acre,2,243.936,0.0,36
1924,far,6,8.0,0.0,36
861,far,3,8.0,0.0,36
405,units_per_acre,2,235.224,0.0,37
862,far,3,7.0,0.0,37
1330,far,4,7.0,0.0,37
1925,far,6,7.0,0.0,37
863,far,3,4.6,0.0,38
406,units_per_acre,2,222.156,0.0,38
1926,far,6,4.6,0.0,38
1331,far,4,4.6,0.0,38
407,units_per_acre,2,217.8,0.0,39
1927,far,6,7.0,0.0,39
1332,far,4,7.0,0.0,39
864,far,3,7.0,0.0,39
1333,far,4,14.0,0.0,40
408,units_per_acre,2,200.0,0.0,40
1928,far,6,14.0,0.0,40
865,far,3,14.0,0.0,40
1929,far,6,5.0,0.0,41
1334,far,4,5.0,0.0,41
409,units_per_acre,2,200.0,0.0,41
866,far,3,5.0,0.0,41
867,far,3,3.0,0.0,42
1335,far,4,3.0,0.0,42
410,units_per_acre,2,200.0,30.0,42
1930,far,6,3.0,0.0,42
1336,far,4,0.5,0.0,43
1931,far,6,0.5,0.0,43
868,far,3,0.5,0.0,43
411,units_per_acre,2,196.0,0.0,43
869,far,3,6.5,0.0,44
1337,far,4,6.5,0.0,44
1932,far,6,6.5,0.0,44
412,units_per_acre,2,185.13,0.0,44
413,units_per_acre,2,185.13,0.0,45
1933,far,6,7.0,0.0,46
1338,far,4,7.0,0.0,46
870,far,3,7.0,0.0,46
414,units_per_acre,2,174.24,0.0,46
1934,far,6,5.0,0.0,47
415,units_per_acre,2,176.0,0.0,47
1339,far,4,5.0,0.0,47
1935,far,6,6.0,0.0,48
871,far,3,6.0,0.0,48
1340,far,4,6.0,0.0,48
416,units_per_acre,2,175.0,0.0,48
1808,far,5,5.35,0.0,49
872,far,3,5.35,0.0,49
1341,far,4,5.35,0.0,49
1936,far,6,5.35,0.0,49
417,units_per_acre,2,175.24,1.0,49
1342,far,4,6.0,0.0,50
418,units_per_acre,2,174.24,0.0,50
873,far,3,6.0,0.0,50
1937,far,6,6.0,0.0,50
1938,far,6,5.0,0.0,51
419,units_per_acre,2,175.0,1.0,51
874,far,3,5.0,0.0,51
1343,far,4,5.0,0.0,51
875,far,3,5.35,0.0,52
420,units_per_acre,2,174.24,1.0,52
1939,far,6,5.35,0.0,52
1344,far,4,5.35,0.0,52
1809,far,5,5.35,0.0,52
876,far,3,4.0,0.0,53
1345,far,4,4.0,0.0,53
1940,far,6,4.0,0.0,53
421,units_per_acre,2,174.24,1.0,53
1810,far,5,4.0,0.0,53
422,units_per_acre,2,167.27,0.0,54
1346,far,4,6.5,0.0,54
1941,far,6,6.5,0.0,54
877,far,3,6.5,0.0,54
1942,far,6,3.52,0.0,55
1347,far,4,3.52,0.0,55
878,far,3,3.52,0.0,55
423,units_per_acre,2,169.884,0.0,55
1348,far,4,5.25,0.0,56
879,far,3,5.25,0.0,56
424,units_per_acre,2,167.27,0.0,56
1943,far,6,5.25,0.0,56
425,units_per_acre,2,167.27,0.0,57
1349,far,4,5.0,0.0,57
880,far,3,5.0,0.0,57
1944,far,6,5.0,0.0,57
1350,far,4,3.75,0.0,58
426,units_per_acre,2,165.0,0.0,58
881,far,3,3.75,0.0,58
1945,far,6,3.75,0.0,58
427,units_per_acre,2,157.0,0.0,59
1351,far,4,3.25,0.0,59
882,far,3,3.25,0.0,59
1946,far,6,3.25,0.0,59
1352,far,4,4.5,0.0,60
428,units_per_acre,2,153.549,0.0,60
1947,far,6,4.5,0.0,60
883,far,3,4.5,0.0,60
1353,far,4,7.92,0.0,61
884,far,3,7.92,0.0,61
1948,far,6,7.92,0.0,61
429,units_per_acre,2,150.0,25.0,61
1354,far,4,7.0,1.5,62
885,far,3,7.0,1.5,62
1949,far,6,7.0,1.5,62
430,units_per_acre,2,150.0,0.0,62
1950,far,6,7.0,0.0,63
431,units_per_acre,2,150.0,0.0,63
1355,far,4,7.0,0.0,63
886,far,3,7.0,0.0,63
1356,far,4,6.5,0.0,64
1951,far,6,6.5,0.0,64
432,units_per_acre,2,150.0,0.0,64
887,far,3,6.5,0.0,64
1357,far,4,3.5,0.0,65
888,far,3,3.5,0.0,65
1952,far,6,3.5,0.0,65
433,units_per_acre,2,152.46,0.0,65
434,units_per_acre,2,152.46,0.0,66
1358,far,4,3.5,0.0,66
1953,far,6,3.5,0.0,66
1954,far,6,5.0,0.0,67
889,far,3,5.0,0.0,67
435,units_per_acre,2,150.0,20.0,67
1359,far,4,5.0,0.0,67
1955,far,6,5.0,0.75,68
890,far,3,5.0,0.75,68
436,units_per_acre,2,150.0,0.0,68
1360,far,4,5.0,0.75,68
1956,far,6,5.0,0.0,69
437,units_per_acre,2,150.0,0.0,69
891,far,3,5.0,0.0,69
1361,far,4,5.0,0.0,69
1362,far,4,5.0,0.0,70
1811,far,5,5.0,0.0,70
1957,far,6,5.0,0.0,70
892,far,3,5.0,0.0,70
438,units_per_acre,2,150.0,0.0,70
1958,far,6,3.0,0.0,71
893,far,3,3.0,0.0,71
1363,far,4,3.0,0.0,71
439,units_per_acre,2,152.0,0.0,71
1959,far,6,4.25,0.0,72
440,units_per_acre,2,150.0,0.0,72
1364,far,4,4.25,0.0,72
894,far,3,4.25,0.0,72
1365,far,4,4.0,0.0,73
1960,far,6,4.0,0.0,73
441,units_per_acre,2,150.0,0.0,73
895,far,3,4.0,0.0,73
896,far,3,3.67,0.0,74
1961,far,6,3.67,0.0,74
442,units_per_acre,2,150.0,0.0,74
1366,far,4,3.67,0.0,74
443,units_per_acre,2,150.0,0.0,75
1962,far,6,3.5,0.0,75
1367,far,4,3.5,0.0,75
897,far,3,3.5,0.0,75
898,far,3,3.0,0.0,76
444,units_per_acre,2,150.0,0.0,76
1963,far,6,3.0,0.0,76
1368,far,4,3.0,0.0,76
445,units_per_acre,2,152.0,0.0,77
1369,far,4,1.0,0.0,77
1964,far,6,1.0,0.0,77
899,far,3,1.0,0.0,77
1965,far,6,3.0,0.0,78
446,units_per_acre,2,150.0,25.0,78
1370,far,4,3.0,0.0,78
900,far,3,3.0,0.0,78
447,units_per_acre,2,150.0,0.0,79
1371,far,4,5.0,0.0,80
448,units_per_acre,2,145.0,0.0,80
1966,far,6,5.0,0.0,80
449,units_per_acre,2,137.824,0.0,81
1372,far,4,7.5,0.0,81
1967,far,6,7.5,0.0,81
901,far,3,7.5,0.0,81
450,units_per_acre,2,139.392,0.0,82
902,far,3,5.5,0.0,82
1373,far,4,5.5,0.0,82
1968,far,6,5.5,0.0,82
1969,far,6,5.0,0.0,83
451,units_per_acre,2,137.0,0.0,83
903,far,3,5.0,0.0,83
1374,far,4,5.0,0.0,83
452,units_per_acre,2,139.392,0.0,84
1375,far,4,0.5,0.0,85
904,far,3,0.5,0.0,85
453,units_per_acre,2,137.0,0.0,85
1970,far,6,0.5,0.0,85
1376,far,4,6.0,0.0,86
454,units_per_acre,2,130.68,0.0,86
1971,far,6,6.0,0.0,86
905,far,3,6.0,0.0,86
455,units_per_acre,2,130.68,0.0,87
906,far,3,4.5,0.0,87
1972,far,6,4.5,0.0,87
1377,far,4,4.5,0.0,87
907,far,3,4.0,0.0,88
456,units_per_acre,2,130.0,0.0,88
1378,far,4,4.0,0.0,88
1973,far,6,4.0,0.0,88
1379,far,4,4.0,0.0,89
457,units_per_acre,2,130.0,0.0,89
1812,far,5,4.0,0.0,89
1974,far,6,4.0,0.0,89
908,far,3,4.0,0.0,89
1380,far,4,3.0,0.0,90
909,far,3,3.0,0.0,90
458,units_per_acre,2,130.68,0.0,90
1975,far,6,3.0,0.0,90
459,units_per_acre,2,130.68,0.0,91
910,far,3,3.0,0.0,91
1381,far,4,3.0,0.0,91
1976,far,6,3.5,1.0,92
460,units_per_acre,2,130.0,0.0,92
911,far,3,3.5,1.0,92
1382,far,4,3.5,1.0,92
461,units_per_acre,2,126.324,0.0,93
1977,far,6,6.0,0.0,93
1383,far,4,6.0,0.0,93
912,far,3,6.0,0.0,93
462,units_per_acre,2,130.68,0.0,94
1978,far,6,5.0,0.0,95
913,far,3,5.0,0.0,95
463,units_per_acre,2,121.968,0.0,95
1384,far,4,5.0,0.0,95
1385,far,4,4.0,0.0,96
914,far,3,4.0,0.0,96
464,units_per_acre,2,122.0,0.0,96
1979,far,6,4.0,0.0,96
1980,far,6,4.0,0.0,97
1386,far,4,4.0,0.0,97
465,units_per_acre,2,120.0,0.0,97
915,far,3,4.0,0.0,97
466,units_per_acre,2,120.0,1.0,98
1981,far,6,3.0,0.0,99
916,far,3,3.0,0.0,99
1387,far,4,3.0,0.0,99
467,units_per_acre,2,120.0,0.0,99
1813,far,5,4.5,0.0,100
468,units_per_acre,2,116.16,0.0,100
1388,far,4,4.5,0.0,100
917,far,3,4.5,0.0,100
1982,far,6,4.5,0.0,100
1389,far,4,7.0,0.0,101
469,units_per_acre,2,108.9,0.0,101
918,far,3,7.0,0.0,101
1983,far,6,7.0,0.0,101
1390,far,4,4.25,0.0,102
919,far,3,4.25,0.0,102
1984,far,6,4.25,0.0,102
470,units_per_acre,2,111.078,0.0,102
471,units_per_acre,2,108.9,0.0,103
1985,far,6,5.0,0.0,103
920,far,3,5.0,0.0,103
1391,far,4,5.0,0.0,103
1986,far,6,3.5,0.0,104
472,units_per_acre,2,110.0,0.0,104
921,far,3,3.5,0.0,104
1392,far,4,3.5,0.0,104
1814,far,5,2.7,0.0,105
922,far,3,2.7,0.0,105
1987,far,6,2.7,0.0,105
1393,far,4,2.7,0.0,105
473,units_per_acre,2,108.9,1.0,105
1394,far,4,3.0,0.0,106
1988,far,6,3.0,0.0,106
474,units_per_acre,2,106.0,0.0,106
923,far,3,1.0,0.0,107
1395,far,4,1.0,0.0,107
475,units_per_acre,2,107.0,0.0,107
1989,far,6,1.0,0.0,107
1396,far,4,5.75,0.0,108
476,units_per_acre,2,100.0,0.0,108
1990,far,6,5.75,0.0,108
924,far,3,5.75,0.0,108
1991,far,6,5.5,0.0,109
477,units_per_acre,2,100.0,0.0,109
925,far,3,5.5,0.0,109
1397,far,4,5.5,0.0,109
1398,far,4,6.0,0.0,110
926,far,3,6.0,0.0,110
1992,far,6,6.0,0.0,110
478,units_per_acre,2,98.446,0.0,110
927,far,3,4.25,1.0,111
1815,far,5,4.25,1.0,111
1399,far,4,4.25,1.0,111
1993,far,6,4.25,1.0,111
479,units_per_acre,2,100.0,0.0,111
1400,far,4,4.0,0.0,112
1994,far,6,4.0,0.0,112
480,units_per_acre,2,100.0,0.0,112
928,far,3,4.0,0.0,112
1816,far,5,4.0,1.0,113
1995,far,6,4.0,1.0,113
1401,far,4,4.0,1.0,113
481,units_per_acre,2,100.0,0.0,113
929,far,3,4.0,1.0,113
1996,far,6,3.5,0.0,114
930,far,3,3.5,0.0,114
482,units_per_acre,2,100.0,0.0,114
1402,far,4,3.5,0.0,114
483,units_per_acre,2,100.0,8.0,115
931,far,3,3.12,0.0,115
1403,far,4,3.12,0.0,115
1997,far,6,3.12,0.0,115
1998,far,6,3.0,0.0,116
1404,far,4,3.0,0.0,116
484,units_per_acre,2,100.0,0.0,116
932,far,3,3.0,0.0,116
1999,far,6,3.0,0.0,117
485,units_per_acre,2,100.0,0.0,117
1405,far,4,3.0,0.0,117
933,far,3,3.0,0.0,117
1406,far,4,3.0,0.0,118
2000,far,6,3.0,0.0,118
486,units_per_acre,2,100.0,30.0,118
934,far,3,3.0,0.0,118
1407,far,4,3.0,1.5,119
935,far,3,3.0,1.5,119
487,units_per_acre,2,100.0,0.0,119
2001,far,6,3.0,1.5,119
1408,far,4,3.0,0.0,120
936,far,3,3.0,0.0,120
488,units_per_acre,2,100.0,16.0,120
2002,far,6,3.0,0.0,120
937,far,3,4.75,0.0,121
489,units_per_acre,2,98.01,0.0,121
1409,far,4,4.75,0.0,121
2003,far,6,4.75,0.0,121
2004,far,6,4.5,0.0,122
938,far,3,4.5,0.0,122
1410,far,4,4.5,0.0,122
490,units_per_acre,2,98.01,0.0,122
2005,far,6,2.5,0.0,123
491,units_per_acre,2,100.0,0.0,123
1411,far,4,2.5,0.0,123
939,far,3,2.5,0.0,123
492,units_per_acre,2,100.0,0.0,124
2006,far,6,2.5,0.0,124
1412,far,4,2.5,0.0,124
940,far,3,2.5,0.0,124
941,far,3,2.5,0.0,125
1817,far,5,2.5,0.0,125
1413,far,4,2.5,0.0,125
493,units_per_acre,2,100.0,0.0,125
2007,far,6,2.5,0.0,125
2008,far,6,2.0,0.0,126
942,far,3,2.0,0.0,126
1414,far,4,2.0,0.0,126
494,units_per_acre,2,100.0,30.0,126
495,units_per_acre,2,100.0,0.0,127
943,far,3,2.0,0.0,127
1415,far,4,2.0,0.0,127
2009,far,6,2.0,0.0,127
1416,far,4,4.5,0.0,128
944,far,3,4.5,0.0,128
2010,far,6,4.5,0.0,128
496,units_per_acre,2,92.565,0.0,128
2011,far,6,4.25,0.0,129
1417,far,4,4.25,0.0,129
497,units_per_acre,2,92.565,0.0,129
945,far,3,4.25,0.0,129
946,far,3,3.0,0.0,130
2012,far,6,3.0,0.0,130
1418,far,4,3.0,0.0,130
498,units_per_acre,2,92.0,0.0,130
947,far,3,2.5,0.5,131
499,units_per_acre,2,91.0,0.0,131
2013,far,6,2.5,0.5,131
1419,far,4,2.5,0.5,131
1420,far,4,2.5,0.0,132
2014,far,6,2.5,0.0,132
500,units_per_acre,2,91.0,0.0,132
948,far,3,2.5,0.0,132
501,units_per_acre,2,87.12,0.0,133
2015,far,6,4.0,0.0,133
949,far,3,4.0,0.0,133
1421,far,4,4.0,0.0,133
502,units_per_acre,2,87.12,0.0,134
1422,far,4,2.0,0.0,134
2016,far,6,2.0,0.0,134
950,far,3,2.0,0.0,134
1423,far,4,4.0,0.0,135
951,far,3,4.0,0.0,135
503,units_per_acre,2,85.0,0.0,135
2017,far,6,4.0,0.0,135
2018,far,6,1.0,0.0,136
1424,far,4,1.0,0.0,136
952,far,3,1.0,0.0,136
504,units_per_acre,2,87.12,20.0,136
1818,far,5,4.0,0.0,137
2019,far,6,4.0,0.0,137
505,units_per_acre,2,83.0,0.0,137
1425,far,4,4.0,0.0,137
953,far,3,4.0,0.0,138
1426,far,4,4.0,0.0,138
506,units_per_acre,2,82.0,0.0,138
2020,far,6,4.0,0.0,138
954,far,3,2.0,0.0,139
2021,far,6,2.0,0.0,139
507,units_per_acre,2,82.0,0.0,139
1427,far,4,2.0,0.0,139
1428,far,4,7.0,0.0,140
955,far,3,7.0,0.0,140
2022,far,6,7.0,0.0,140
508,units_per_acre,2,76.23,0.0,140
509,units_per_acre,2,80.0,20.0,141
1429,far,4,2.5,0.0,141
956,far,3,2.5,0.0,141
2023,far,6,2.5,0.0,141
957,far,3,4.0,0.0,142
2024,far,6,4.0,0.0,142
510,units_per_acre,2,78.408,0.0,142
1430,far,4,4.0,0.0,142
2025,far,6,3.0,0.0,143
958,far,3,3.0,0.0,143
511,units_per_acre,2,78.408,0.0,143
1431,far,4,3.0,0.0,143
512,units_per_acre,2,80.0,0.0,144
1432,far,4,2.0,0.0,145
513,units_per_acre,2,78.0,0.0,145
959,far,3,2.0,0.0,145
2026,far,6,2.0,0.0,145
1819,far,5,3.0,0.0,146
2027,far,6,3.0,0.0,146
1433,far,4,3.0,0.0,146
960,far,3,3.0,0.0,146
514,units_per_acre,2,75.0,0.0,146
961,far,3,4.0,0.0,147
1434,far,4,4.0,0.0,147
515,units_per_acre,2,74.0,0.0,147
2028,far,6,4.0,0.0,147
1435,far,4,2.5,0.0,148
2029,far,6,2.5,0.0,148
516,units_per_acre,2,75.0,0.0,148
962,far,3,2.5,0.0,148
1436,far,4,2.5,0.0,149
963,far,3,2.5,0.0,149
517,units_per_acre,2,75.0,0.0,149
1820,far,5,2.5,0.0,149
964,far,3,2.25,0.0,150
2030,far,6,2.25,0.0,150
1437,far,4,2.25,0.0,150
518,units_per_acre,2,75.0,0.0,150
2031,far,6,2.73,0.0,151
1438,far,4,2.73,0.0,151
519,units_per_acre,2,73.0,0.0,151
965,far,3,2.73,0.0,151
966,far,3,3.0,0.0,152
1439,far,4,3.0,0.0,152
2032,far,6,3.0,0.0,152
520,units_per_acre,2,72.0,0.0,152
2033,far,6,2.7,0.0,153
1440,far,4,2.7,0.0,153
967,far,3,2.7,0.0,153
521,units_per_acre,2,72.0,0.0,153
2034,far,6,2.0,0.0,154
522,units_per_acre,2,72.0,0.0,154
1821,far,5,2.0,0.0,154
1441,far,4,2.0,0.0,154
968,far,3,2.0,0.0,154
1442,far,4,1.5,0.0,155
523,units_per_acre,2,72.0,36.0,155
969,far,3,1.5,0.0,155
2035,far,6,1.5,0.0,155
524,units_per_acre,2,70.0,0.0,156
1443,far,4,3.5,0.0,156
1822,far,5,3.5,0.0,156
2036,far,6,3.5,0.0,156
525,units_per_acre,2,72.0,36.0,157
1444,far,4,0.5,0.0,157
970,far,3,0.5,0.0,157
2037,far,6,0.5,0.0,157
971,far,3,2.33,0.0,158
1445,far,4,2.33,0.0,158
526,units_per_acre,2,69.696,0.0,158
2038,far,6,2.33,0.0,158
1446,far,4,1.7,0.0,159
972,far,3,1.7,0.0,159
527,units_per_acre,2,70.0,0.0,159
2039,far,6,1.7,0.0,159
973,far,3,2.0,0.0,160
2040,far,6,2.0,0.0,160
528,units_per_acre,2,69.696,0.0,160
1447,far,4,2.0,0.0,160
2041,far,6,3.0,0.0,161
974,far,3,3.0,0.0,161
1448,far,4,3.0,0.0,161
529,units_per_acre,2,68.0,0.0,161
2042,far,6,2.5,0.0,162
1449,far,4,2.5,0.0,162
530,units_per_acre,2,68.0,0.0,162
975,far,3,2.5,0.0,162
531,units_per_acre,2,70.0,0.0,163
2043,far,6,2.0,0.0,164
1450,far,4,2.0,0.0,164
532,units_per_acre,2,67.0,0.0,164
1451,far,4,3.0,0.0,165
976,far,3,3.0,0.0,165
533,units_per_acre,2,65.0,0.0,165
2044,far,6,3.0,0.0,165
534,units_per_acre,2,65.0,0.0,166
977,far,3,2.04,0.0,166
1452,far,4,2.04,0.0,166
2045,far,6,2.04,0.0,166
978,far,3,2.0,0.0,167
1453,far,4,2.0,0.0,167
535,units_per_acre,2,65.0,0.0,167
2046,far,6,2.0,0.0,167
536,units_per_acre,2,62.0,0.0,168
1454,far,4,5.0,0.0,168
979,far,3,5.0,0.0,168
2047,far,6,5.0,0.0,168
980,far,3,1.75,0.0,169
537,units_per_acre,2,63.298,0.0,169
1455,far,4,1.75,0.0,169
2048,far,6,1.75,0.0,169
1456,far,4,3.0,0.0,170
538,units_per_acre,2,60.0,0.0,170
981,far,3,3.0,0.0,170
2049,far,6,3.0,0.0,170
539,units_per_acre,2,61.0,0.0,171
982,far,3,2.0,0.0,171
1457,far,4,2.0,0.0,171
2050,far,6,2.0,0.0,171
983,far,3,3.0,0.0,172
540,units_per_acre,2,59.0,0.0,172
2051,far,6,3.0,0.0,172
1458,far,4,3.0,0.0,172
541,units_per_acre,2,60.0,0.0,173
1459,far,4,2.0,0.0,173
2052,far,6,2.0,0.0,173
984,far,3,2.0,0.0,173
542,units_per_acre,2,60.0,10.0,174
2053,far,6,2.0,0.0,174
1460,far,4,2.0,0.0,174
985,far,3,2.0,0.0,174
543,units_per_acre,2,58.806,0.0,175
1461,far,4,3.0,0.0,175
2054,far,6,3.0,0.0,175
986,far,3,3.0,0.0,175
1462,far,4,2.25,0.0,176
2055,far,6,2.25,0.0,176
987,far,3,2.25,0.0,176
544,units_per_acre,2,58.806,0.0,176
1463,far,4,2.92,0.0,177
545,units_per_acre,2,58.0,0.0,177
988,far,3,2.92,0.0,177
2056,far,6,2.92,0.0,177
2057,far,6,1.3,0.0,178
546,units_per_acre,2,58.806,0.0,178
1464,far,4,1.3,0.0,178
989,far,3,1.3,0.0,178
990,far,3,5.0,0.0,179
1465,far,4,5.0,0.0,179
2058,far,6,5.0,0.0,179
547,units_per_acre,2,54.5,0.0,179
1466,far,4,1.5,0.0,180
991,far,3,1.5,0.0,180
2059,far,6,1.5,0.0,180
548,units_per_acre,2,58.0,0.0,180
2060,far,6,5.0,0.0,181
549,units_per_acre,2,54.0,0.0,181
1823,far,5,5.0,0.0,181
1467,far,4,5.0,0.0,181
550,units_per_acre,2,56.0,0.0,182
992,far,3,3.0,0.0,182
1468,far,4,3.0,0.0,182
2061,far,6,3.0,0.0,182
551,units_per_acre,2,58.0,0.0,183
993,far,3,4.0,0.0,184
2062,far,6,4.0,0.0,184
1469,far,4,4.0,0.0,184
552,units_per_acre,2,54.0,0.0,184
994,far,3,1.3,0.0,185
553,units_per_acre,2,56.628,0.0,185
1470,far,4,1.3,0.0,185
2063,far,6,1.3,0.0,185
554,units_per_acre,2,54.0,0.0,186
1471,far,4,3.5,0.0,186
995,far,3,3.5,0.0,186
2064,far,6,3.5,0.0,186
555,units_per_acre,2,56.628,0.0,187
2065,far,6,2.5,0.0,188
996,far,3,2.5,0.0,188
556,units_per_acre,2,54.0,0.0,188
1472,far,4,2.5,0.0,188
1473,far,4,6.5,0.0,189
557,units_per_acre,2,50.0,0.0,189
997,far,3,6.5,0.0,189
2066,far,6,6.5,0.0,189
998,far,3,2.0,0.0,190
2067,far,6,2.0,0.0,190
1474,far,4,2.0,0.0,190
558,units_per_acre,2,54.0,0.0,190
559,units_per_acre,2,54.0,0.0,191
2068,far,6,1.0,0.0,191
1475,far,4,1.0,0.0,191
999,far,3,1.0,0.0,191
1476,far,4,3.0,0.0,192
2069,far,6,3.0,0.0,192
560,units_per_acre,2,52.0,0.0,192
1000,far,3,3.0,0.0,192
561,units_per_acre,2,55.0,0.0,193
1477,far,4,4.0,0.0,194
562,units_per_acre,2,50.0,0.0,194
2070,far,6,4.0,0.0,194
1001,far,3,4.0,0.0,194
563,units_per_acre,2,54.0,0.0,195
2071,far,6,1.4,0.0,196
1478,far,4,1.4,0.0,196
564,units_per_acre,2,52.0,0.0,196
1002,far,3,1.4,0.0,196
1824,far,5,1.4,0.0,196
2072,far,6,1.2,0.0,197
1003,far,3,1.2,0.0,197
1479,far,4,1.2,0.0,197
565,units_per_acre,2,52.0,0.0,197
1004,far,3,1.0,0.0,198
2073,far,6,1.0,0.0,198
566,units_per_acre,2,52.0,0.0,198
1480,far,4,1.0,0.0,198
567,units_per_acre,2,50.0,0.0,199
1481,far,4,3.0,0.0,199
2074,far,6,3.0,0.0,199
1005,far,3,3.0,0.0,199
1006,far,3,2.0,0.0,200
568,units_per_acre,2,50.0,0.0,200
2075,far,6,2.0,0.0,200
1482,far,4,2.0,0.0,200
1483,far,4,1.2,0.0,201
2076,far,6,1.2,0.0,201
1007,far,3,1.2,0.0,201
569,units_per_acre,2,50.094,0.0,201
2077,far,6,1.25,0.0,202
570,units_per_acre,2,50.0,0.0,202
1484,far,4,1.25,0.0,202
1008,far,3,1.25,0.0,202
1485,far,4,1.0,0.0,203
1009,far,3,1.0,0.0,203
2078,far,6,2.5,0.0,204
571,units_per_acre,2,48.0,0.0,204
1010,far,3,2.5,0.0,204
1486,far,4,2.5,0.0,204
1487,far,4,2.1,0.0,205
1011,far,3,2.1,0.0,205
2079,far,6,2.1,0.0,205
572,units_per_acre,2,48.0,24.0,205
573,units_per_acre,2,50.094,0.0,206
1488,far,4,0.0,0.0,207
2080,far,6,0.0,0.0,207
574,units_per_acre,2,50.094,0.0,207
1012,far,3,0.0,0.0,207
575,units_per_acre,2,50.0,5.0,208
1013,far,3,2.0,0.0,209
1489,far,4,2.0,0.0,209
2081,far,6,2.0,0.0,209
576,units_per_acre,2,48.0,0.0,209
1490,far,4,2.0,0.0,210
2082,far,6,2.0,0.0,210
1014,far,3,2.0,0.0,210
577,units_per_acre,2,48.0,10.0,210
578,units_per_acre,2,48.4,0.0,211
1491,far,4,1.25,0.0,211
1015,far,3,1.25,0.0,211
2083,far,6,1.25,0.0,211
579,units_per_acre,2,48.0,0.0,212
2084,far,6,1.5,0.0,212
1016,far,3,1.5,0.0,212
1492,far,4,1.5,0.0,212
1493,far,4,1.5,0.0,213
580,units_per_acre,2,48.0,0.0,213
2085,far,6,1.5,0.0,213
1017,far,3,1.5,0.0,213
581,units_per_acre,2,41.0,0.0,214
1494,far,4,8.0,0.0,214
1018,far,3,8.0,0.0,214
2086,far,6,8.0,0.0,214
582,units_per_acre,2,48.0,0.0,215
1019,far,3,0.5,0.0,215
1495,far,4,0.5,0.0,215
2087,far,6,0.5,0.0,215
1496,far,4,0.0,0.0,216
1020,far,3,0.0,0.0,216
583,units_per_acre,2,48.4,0.0,216
584,units_per_acre,2,48.4,0.0,217
585,units_per_acre,2,48.0,0.0,218
1497,far,4,2.0,0.0,219
586,units_per_acre,2,45.0,0.0,219
2088,far,6,2.0,0.0,219
1021,far,3,2.0,0.0,219
587,units_per_acre,2,44.0,0.0,220
1022,far,3,2.0,0.0,220
2089,far,6,2.0,0.0,220
1498,far,4,2.0,0.0,220
588,units_per_acre,2,45.0,0.0,221
2090,far,6,1.0,0.0,221
1499,far,4,1.0,0.0,221
1023,far,3,1.0,0.0,221
1500,far,4,0.6,0.0,222
2091,far,6,0.6,0.0,222
589,units_per_acre,2,45.0,0.0,222
1024,far,3,0.6,0.0,222
590,units_per_acre,2,43.56,0.0,223
1025,far,3,2.0,0.0,223
2092,far,6,2.0,0.0,223
1501,far,4,2.0,0.0,223
1026,far,3,0.35,0.0,224
591,units_per_acre,2,45.0,0.0,224
2093,far,6,0.35,0.0,224
1502,far,4,0.35,0.0,224
2094,far,6,1.55,0.0,225
592,units_per_acre,2,43.56,1.0,225
1503,far,4,1.55,0.0,225
1027,far,3,1.55,0.0,225
1825,far,5,1.55,0.0,225
1028,far,3,1.0,0.0,226
2095,far,6,1.0,0.0,226
593,units_per_acre,2,44.0,0.0,226
1504,far,4,1.0,0.0,226
1029,far,3,2.0,0.0,227
2096,far,6,2.0,0.0,227
1505,far,4,2.0,0.0,227
594,units_per_acre,2,43.0,0.0,227
595,units_per_acre,2,44.0,0.0,228
1506,far,4,0.7,0.0,228
2097,far,6,0.7,0.0,228
2098,far,6,1.0,0.0,229
1507,far,4,1.0,0.0,229
1030,far,3,1.0,0.0,229
596,units_per_acre,2,43.56,0.0,229
1031,far,3,1.0,0.0,230
2099,far,6,1.0,0.0,230
1508,far,4,1.0,0.0,230
597,units_per_acre,2,43.56,0.0,230
2100,far,6,1.0,0.0,231
598,units_per_acre,2,43.5,0.0,231
1032,far,3,1.0,0.0,231
1826,far,5,1.0,0.0,231
1509,far,4,1.0,0.0,231
1033,far,3,0.75,0.0,232
599,units_per_acre,2,43.56,0.0,232
1510,far,4,0.75,0.0,232
2101,far,6,0.75,0.0,232
1034,far,3,1.0,0.0,233
1511,far,4,1.0,0.0,233
2102,far,6,1.0,0.0,233
600,units_per_acre,2,43.0,12.0,233
601,units_per_acre,2,43.56,0.0,234
1035,far,3,0.0,0.0,235
1512,far,4,0.0,0.0,235
602,units_per_acre,2,43.56,0.0,235
2103,far,6,0.0,0.0,235
1036,far,3,2.0,0.0,236
2104,far,6,2.0,0.0,236
603,units_per_acre,2,40.0,0.0,236
1513,far,4,2.0,0.0,236
1514,far,4,2.0,0.0,237
2105,far,6,2.0,0.0,237
1037,far,3,2.0,0.0,237
604,units_per_acre,2,40.0,0.0,237
1515,far,4,1.0,0.0,238
605,units_per_acre,2,40.838,0.0,238
1038,far,3,1.0,0.0,238
2106,far,6,1.0,0.0,238
1827,far,5,1.5,0.0,239
2107,far,6,1.5,0.0,239
606,units_per_acre,2,40.0,0.0,239
1516,far,4,1.5,0.0,239
1039,far,3,1.5,0.0,240
1517,far,4,1.5,0.0,240
2108,far,6,1.5,0.0,240
607,units_per_acre,2,40.0,0.0,240
2109,far,6,1.5,0.0,241
1828,far,5,1.5,0.0,241
1040,far,3,1.5,0.0,241
1518,far,4,1.5,0.0,241
608,units_per_acre,2,40.0,0.0,241
609,units_per_acre,2,37.026,0.0,242
2110,far,6,4.25,0.0,242
1519,far,4,4.25,0.0,242
1041,far,3,4.25,0.0,242
1829,far,5,4.25,0.0,242
1520,far,4,4.25,0.0,243
2111,far,6,4.25,0.0,243
610,units_per_acre,2,37.026,0.0,243
1042,far,3,4.25,0.0,243
611,units_per_acre,2,40.0,0.0,244
1043,far,3,1.0,0.0,244
2112,far,6,1.0,0.0,244
1521,far,4,1.0,0.0,244
1522,far,4,0.75,0.0,245
1044,far,3,0.75,0.0,245
2113,far,6,0.75,0.0,245
612,units_per_acre,2,40.0,0.0,245
613,units_per_acre,2,40.0,0.0,246
1,units_per_acre,1,35.0,0.0,247
614,units_per_acre,2,35.0,0.0,247
1045,far,3,4.0,0.0,247
1523,far,4,4.0,0.0,247
2114,far,6,4.0,0.0,247
615,units_per_acre,2,36.0,0.0,248
2115,far,6,3.0,0.0,248
1524,far,4,3.0,0.0,248
1046,far,3,3.0,0.0,248
616,units_per_acre,2,38.0,0.0,249
617,units_per_acre,2,36.0,0.0,250
2116,far,6,2.0,0.0,250
1047,far,3,2.0,0.0,250
1525,far,4,2.0,0.0,250
618,units_per_acre,2,37.5,0.0,251
619,units_per_acre,2,36.0,12.0,252
1048,far,3,1.5,0.0,252
1526,far,4,1.5,0.0,252
2117,far,6,1.5,0.0,252
620,units_per_acre,2,36.0,18.0,253
1527,far,4,1.0,0.0,253
1049,far,3,1.0,0.0,253
2118,far,6,1.0,0.0,253
1528,far,4,1.0,0.0,254
2119,far,6,1.0,0.0,254
1050,far,3,1.0,0.0,254
621,units_per_acre,2,36.0,0.0,254
2120,far,6,2.0,0.0,255
1051,far,3,2.0,0.0,255
1529,far,4,2.0,0.0,255
2,units_per_acre,1,35.0,0.0,255
622,units_per_acre,2,35.0,0.0,255
1530,far,4,1.69,0.0,256
1052,far,3,1.69,0.0,256
2121,far,6,1.69,0.0,256
3,units_per_acre,1,35.0,0.0,256
623,units_per_acre,2,35.0,0.0,256
1053,far,3,1.5,0.0,257
2122,far,6,1.5,0.0,257
624,units_per_acre,2,35.0,0.0,257
4,units_per_acre,1,35.0,0.0,257
1531,far,4,1.5,0.0,257
1054,far,3,1.6,0.0,258
5,units_per_acre,1,34.848,0.0,258
1532,far,4,1.6,0.0,258
625,units_per_acre,2,34.848,0.0,258
2123,far,6,1.6,0.0,258
626,units_per_acre,2,36.0,16.8,259
6,units_per_acre,1,35.0,0.0,260
1055,far,3,1.0,0.0,260
1533,far,4,1.0,0.0,260
627,units_per_acre,2,35.0,0.0,260
2124,far,6,1.0,0.0,260
628,units_per_acre,2,36.0,0.0,261
7,units_per_acre,1,35.0,0.0,262
2125,far,6,1.0,0.0,262
629,units_per_acre,2,35.0,0.0,262
1534,far,4,1.0,0.0,262
630,units_per_acre,2,35.0,0.0,263
1535,far,4,0.8,0.0,263
2126,far,6,0.8,0.0,263
1056,far,3,0.8,0.0,263
8,units_per_acre,1,35.0,0.0,263
1057,far,3,0.8,0.0,264
9,units_per_acre,1,35.0,0.0,264
631,units_per_acre,2,35.0,0.0,264
1536,far,4,0.8,0.0,264
632,units_per_acre,2,35.0,0.0,265
1058,far,3,0.5,0.0,265
1830,far,5,0.5,0.0,265
10,units_per_acre,1,35.0,0.0,265
1537,far,4,0.5,0.0,265
1538,far,4,0.45,0.0,266
1059,far,3,0.45,0.0,266
633,units_per_acre,2,34.848,1.0,266
2127,far,6,0.45,0.0,266
11,units_per_acre,1,34.848,1.0,266
12,units_per_acre,1,35.0,0.0,267
634,units_per_acre,2,35.0,0.0,267
1539,far,4,1.0,0.0,268
635,units_per_acre,2,34.0,0.0,268
1060,far,3,1.0,0.0,268
13,units_per_acre,1,34.0,0.0,268
2128,far,6,1.0,0.0,268
2129,far,6,3.75,0.0,269
1540,far,4,3.75,0.0,269
1061,far,3,3.75,0.0,269
636,units_per_acre,2,30.0,0.0,269
14,units_per_acre,1,30.0,0.0,269
15,units_per_acre,1,30.0,0.0,270
637,units_per_acre,2,30.0,0.0,270
1831,far,5,3.5,0.0,270
2130,far,6,3.5,0.0,270
1062,far,3,3.5,0.0,270
1541,far,4,3.5,0.0,270
2131,far,6,2.5,0.0,271
1542,far,4,2.5,0.0,271
638,units_per_acre,2,30.0,0.0,271
1063,far,3,2.5,0.0,271
16,units_per_acre,1,30.0,0.0,271
17,units_per_acre,1,32.0,0.0,272
639,units_per_acre,2,32.0,0.0,272
2132,far,6,0.4,0.0,272
640,units_per_acre,2,30.0,0.0,273
2133,far,6,2.25,0.0,273
18,units_per_acre,1,30.0,0.0,273
1543,far,4,2.25,0.0,273
1064,far,3,2.25,0.0,273
641,units_per_acre,2,30.0,0.0,274
2134,far,6,2.19,0.0,274
1065,far,3,2.19,0.0,274
19,units_per_acre,1,30.0,0.0,274
1544,far,4,2.19,0.0,274
1066,far,3,2.0,0.0,275
642,units_per_acre,2,30.0,0.0,275
1832,far,5,2.0,0.0,275
1545,far,4,2.0,0.0,275
2135,far,6,2.0,0.0,275
20,units_per_acre,1,30.0,0.0,275
21,units_per_acre,1,26.0,0.0,276
1067,far,3,6.0,0.0,276
643,units_per_acre,2,26.0,0.0,276
1546,far,4,6.0,0.0,276
2136,far,6,6.0,0.0,276
1068,far,3,2.0,0.0,277
22,units_per_acre,1,30.0,0.0,277
1547,far,4,2.0,0.0,277
2137,far,6,2.0,0.0,277
644,units_per_acre,2,30.0,0.0,277
2138,far,6,1.5,0.0,278
1548,far,4,1.5,0.0,278
645,units_per_acre,2,30.0,0.0,278
23,units_per_acre,1,30.0,0.0,278
1069,far,3,1.5,0.0,278
646,units_per_acre,2,30.0,10.0,279
2139,far,6,1.5,0.0,279
24,units_per_acre,1,30.0,10.0,279
1549,far,4,1.5,0.0,279
1070,far,3,1.5,0.0,279
1550,far,4,1.4,0.0,280
2140,far,6,1.4,0.0,280
1071,far,3,1.4,0.0,280
647,units_per_acre,2,30.0,0.0,280
25,units_per_acre,1,30.0,0.0,280
648,units_per_acre,2,30.0,0.0,281
26,units_per_acre,1,30.0,0.0,281
2141,far,6,1.31,0.0,281
1072,far,3,1.31,0.0,281
1551,far,4,1.31,0.0,281
649,units_per_acre,2,30.0,0.0,282
1552,far,4,1.25,0.0,282
27,units_per_acre,1,30.0,0.0,282
2142,far,6,1.25,0.0,282
1833,far,5,1.25,0.0,282
1073,far,3,1.25,0.0,283
1553,far,4,1.25,0.0,283
28,units_per_acre,1,30.0,1.0,283
650,units_per_acre,2,30.0,1.0,283
2143,far,6,1.25,0.0,283
651,units_per_acre,2,30.0,10.0,284
1074,far,3,1.25,0.0,284
1554,far,4,1.25,0.0,284
29,units_per_acre,1,30.0,10.0,284
2144,far,6,1.25,0.0,284
30,units_per_acre,1,30.0,0.0,285
2145,far,6,1.0,0.0,285
652,units_per_acre,2,30.0,0.0,285
1075,far,3,1.0,0.0,285
1834,far,5,1.0,0.0,285
1555,far,4,1.0,0.0,285
1076,far,3,1.0,0.0,286
1556,far,4,1.0,0.0,286
653,units_per_acre,2,30.0,0.0,286
31,units_per_acre,1,30.0,0.0,286
1077,far,3,1.0,0.0,287
1557,far,4,1.0,0.0,287
32,units_per_acre,1,30.0,0.0,287
2146,far,6,1.0,0.0,287
654,units_per_acre,2,30.0,0.0,287
2147,far,6,0.7,0.0,288
1558,far,4,0.7,0.0,288
1078,far,3,0.7,0.0,288
33,units_per_acre,1,30.0,0.0,288
655,units_per_acre,2,30.0,0.0,288
34,units_per_acre,1,30.0,0.0,289
1559,far,4,0.65,0.0,289
2148,far,6,0.65,0.0,289
1079,far,3,0.65,0.0,289
656,units_per_acre,2,30.0,0.0,289
1080,far,3,0.65,0.0,290
1560,far,4,0.65,0.0,290
657,units_per_acre,2,30.0,10.0,290
35,units_per_acre,1,30.0,10.0,290
2149,far,6,0.65,0.0,290
1561,far,4,0.5,0.0,291
1081,far,3,0.5,0.0,291
36,units_per_acre,1,30.0,7.0,291
2150,far,6,0.5,0.0,291
658,units_per_acre,2,30.0,7.0,291
659,units_per_acre,2,30.0,0.0,292
37,units_per_acre,1,30.0,0.0,292
38,units_per_acre,1,30.0,19.0,293
660,units_per_acre,2,30.0,19.0,293
1562,far,4,0.21,0.0,294
2151,far,6,0.21,0.0,294
39,units_per_acre,1,29.5,0.0,294
1082,far,3,0.21,0.0,294
661,units_per_acre,2,29.5,0.0,294
2152,far,6,0.6,0.0,295
662,units_per_acre,2,29.0,0.0,295
1083,far,3,0.6,0.0,295
40,units_per_acre,1,29.0,0.0,295
1563,far,4,0.6,0.0,295
2153,far,6,0.5,0.0,296
41,units_per_acre,1,29.04,0.0,296
1084,far,3,0.5,0.0,296
663,units_per_acre,2,29.04,0.0,296
1564,far,4,0.5,0.0,296
664,units_per_acre,2,26.136,0.0,297
1085,far,3,3.0,0.0,297
2154,far,6,3.0,0.0,297
1565,far,4,3.0,0.0,297
42,units_per_acre,1,26.136,0.0,297
1835,far,5,3.0,0.0,297
43,units_per_acre,1,26.136,0.0,298
1566,far,4,3.0,0.0,298
665,units_per_acre,2,26.136,0.0,298
2155,far,6,3.0,0.0,298
1086,far,3,3.0,0.0,298
666,units_per_acre,2,29.1,0.0,299
44,units_per_acre,1,29.1,0.0,299
667,units_per_acre,2,29.04,0.0,300
45,units_per_acre,1,29.04,0.0,300
668,units_per_acre,2,28.0,0.0,301
2156,far,6,1.0,0.0,301
1567,far,4,1.0,0.0,301
46,units_per_acre,1,28.0,0.0,301
1087,far,3,1.0,0.0,301
669,units_per_acre,2,29.0,0.0,302
47,units_per_acre,1,29.0,0.0,302
48,units_per_acre,1,26.62,0.0,303
670,units_per_acre,2,26.62,0.0,303
671,units_per_acre,2,27.0,0.0,304
49,units_per_acre,1,27.0,0.0,304
50,units_per_acre,1,27.0,13.5,305
672,units_per_acre,2,27.0,13.5,305
2157,far,6,2.0,0.0,306
1088,far,3,2.0,0.0,306
51,units_per_acre,1,25.0,8.0,306
1568,far,4,2.0,0.0,306
673,units_per_acre,2,25.0,8.0,306
674,units_per_acre,2,25.0,8.0,307
1569,far,4,1.5,0.0,307
1089,far,3,1.5,0.0,307
2158,far,6,1.5,0.0,307
52,units_per_acre,1,25.0,8.0,307
2159,far,6,0.4,0.0,308
53,units_per_acre,1,26.0,0.0,308
675,units_per_acre,2,26.0,0.0,308
1570,far,4,0.4,0.0,308
54,units_per_acre,1,26.0,0.0,309
1571,far,4,0.4,0.0,309
1090,far,3,0.4,0.0,309
676,units_per_acre,2,26.0,0.0,309
2160,far,6,0.4,0.0,309
677,units_per_acre,2,26.0,0.0,310
55,units_per_acre,1,26.0,0.0,310
1836,far,5,1.0,0.0,311
56,units_per_acre,1,25.0,0.0,311
678,units_per_acre,2,25.0,0.0,311
2161,far,6,1.0,0.0,311
1572,far,4,1.0,0.0,311
1573,far,4,4.0,0.0,312
679,units_per_acre,2,22.0,0.0,312
2162,far,6,4.0,0.0,312
57,units_per_acre,1,22.0,0.0,312
1091,far,3,4.0,0.0,312
1574,far,4,0.8,0.0,313
2163,far,6,0.8,0.0,313
1092,far,3,0.8,0.0,313
58,units_per_acre,1,25.0,10.0,313
680,units_per_acre,2,25.0,10.0,313
1575,far,4,0.7,0.0,314
681,units_per_acre,2,25.0,8.0,314
2164,far,6,0.7,0.0,314
59,units_per_acre,1,25.0,8.0,314
682,units_per_acre,2,25.624,0.0,315
60,units_per_acre,1,25.624,0.0,315
1576,far,4,1.0,0.0,316
61,units_per_acre,1,24.503,0.0,316
683,units_per_acre,2,24.503,0.0,316
2165,far,6,1.0,0.0,316
1093,far,3,1.0,0.0,316
684,units_per_acre,2,25.0,8.0,317
1577,far,4,0.5,0.0,317
62,units_per_acre,1,25.0,8.0,317
2166,far,6,0.5,0.0,317
1578,far,4,0.5,0.0,318
1094,far,3,0.5,0.0,318
63,units_per_acre,1,25.0,12.0,318
685,units_per_acre,2,25.0,12.0,318
2167,far,6,0.5,0.0,318
2168,far,6,1.25,0.0,319
1095,far,3,1.25,0.0,319
64,units_per_acre,1,24.2,0.0,319
686,units_per_acre,2,24.2,0.0,319
1579,far,4,1.25,0.0,319
687,units_per_acre,2,24.0,18.0,320
1096,far,3,1.25,0.0,320
2169,far,6,1.25,0.0,320
1580,far,4,1.25,0.0,320
65,units_per_acre,1,24.0,18.0,320
1581,far,4,1.25,0.0,321
2170,far,6,1.25,0.0,321
688,units_per_acre,2,24.0,0.0,321
66,units_per_acre,1,24.0,0.0,321
1097,far,3,1.25,0.0,321
2171,far,6,0.0,0.0,322
1098,far,3,0.0,0.0,322
1582,far,4,0.0,0.0,322
67,units_per_acre,1,25.0,4.0,322
689,units_per_acre,2,25.0,4.0,322
1583,far,4,0.0,0.0,323
2172,far,6,0.0,0.0,323
690,units_per_acre,2,25.0,6.0,323
1099,far,3,0.0,0.0,323
68,units_per_acre,1,25.0,6.0,323
69,units_per_acre,1,25.0,8.0,324
1584,far,4,0.0,0.0,324
2173,far,6,0.0,0.0,324
691,units_per_acre,2,25.0,8.0,324
1100,far,3,0.0,0.0,324
70,units_per_acre,1,25.0,0.0,325
692,units_per_acre,2,25.0,0.0,325
71,units_per_acre,1,25.0,12.0,326
693,units_per_acre,2,25.0,12.0,326
1101,far,3,1.0,0.0,327
2174,far,6,1.0,0.0,327
694,units_per_acre,2,24.0,0.0,327
72,units_per_acre,1,24.0,0.0,327
1585,far,4,1.0,0.0,327
73,units_per_acre,1,25.0,6.0,328
695,units_per_acre,2,25.0,6.0,328
696,units_per_acre,2,25.0,8.0,329
74,units_per_acre,1,25.0,8.0,329
1102,far,3,0.75,0.0,330
2175,far,6,0.75,0.0,330
75,units_per_acre,1,24.0,0.0,330
697,units_per_acre,2,24.0,0.0,330
1586,far,4,0.75,0.0,330
698,units_per_acre,2,24.0,0.0,331
1587,far,4,0.75,0.0,331
2176,far,6,0.75,0.0,331
1103,far,3,0.75,0.0,331
76,units_per_acre,1,24.0,0.0,331
699,units_per_acre,2,24.5,0.0,332
77,units_per_acre,1,24.5,0.0,332
2177,far,6,0.5,0.0,333
700,units_per_acre,2,24.0,0.0,333
1104,far,3,0.5,0.0,333
1588,far,4,0.5,0.0,333
78,units_per_acre,1,24.0,0.0,333
701,units_per_acre,2,24.2,0.0,334
79,units_per_acre,1,24.2,0.0,334
80,units_per_acre,1,24.0,0.0,335
702,units_per_acre,2,24.0,0.0,335
1589,far,4,1.0,0.0,336
1105,far,3,1.0,0.0,336
2178,far,6,1.0,0.0,336
703,units_per_acre,2,23.0,0.0,336
81,units_per_acre,1,23.0,0.0,336
704,units_per_acre,2,24.0,13.0,337
82,units_per_acre,1,24.0,13.0,337
705,units_per_acre,2,21.8,0.0,338
1590,far,4,2.0,0.0,338
1106,far,3,2.0,0.0,338
2179,far,6,2.0,0.0,338
83,units_per_acre,1,21.8,0.0,338
1107,far,3,2.0,0.0,339
706,units_per_acre,2,21.78,0.0,339
1591,far,4,2.0,0.0,339
2180,far,6,2.0,0.0,339
84,units_per_acre,1,21.78,0.0,339
707,units_per_acre,2,22.0,0.0,340
85,units_per_acre,1,22.0,0.0,340
2181,far,6,1.4,0.0,340
1108,far,3,1.4,0.0,340
1592,far,4,1.4,0.0,340
86,units_per_acre,1,21.78,0.0,341
1593,far,4,1.5,0.0,341
1109,far,3,1.5,0.0,341
708,units_per_acre,2,21.78,0.0,341
2182,far,6,1.5,0.0,341
87,units_per_acre,1,22.0,10.0,342
1594,far,4,1.0,0.0,342
709,units_per_acre,2,22.0,10.0,342
2183,far,6,1.0,0.0,342
1110,far,3,1.0,0.0,342
2184,far,6,1.0,0.0,343
1111,far,3,1.0,0.0,343
1595,far,4,1.0,0.0,343
710,units_per_acre,2,22.0,0.0,343
88,units_per_acre,1,22.0,0.0,343
89,units_per_acre,1,23.0,0.0,344
711,units_per_acre,2,23.0,0.0,344
2185,far,6,1.0,0.0,345
90,units_per_acre,1,21.78,0.0,345
1596,far,4,1.0,0.0,345
1837,far,5,1.0,0.0,345
712,units_per_acre,2,21.78,0.0,345
713,units_per_acre,2,22.0,0.0,346
1597,far,4,0.7,0.0,346
2186,far,6,0.7,0.0,346
1112,far,3,0.7,0.0,346
91,units_per_acre,1,22.0,0.0,346
714,units_per_acre,2,22.0,8.0,347
1598,far,4,0.7,0.0,347
92,units_per_acre,1,22.0,8.0,347
2187,far,6,0.7,0.0,347
1113,far,3,0.7,0.0,347
1114,far,3,0.75,0.0,348
2188,far,6,0.75,0.0,348
1599,far,4,0.75,0.0,348
93,units_per_acre,1,21.78,0.0,348
715,units_per_acre,2,21.78,0.0,348
716,units_per_acre,2,22.5,0.0,349
94,units_per_acre,1,22.5,0.0,349
95,units_per_acre,1,21.78,0.0,350
1115,far,3,0.5,0.0,350
717,units_per_acre,2,21.78,0.0,350
2189,far,6,0.5,0.0,350
1600,far,4,0.5,0.0,350
1116,far,3,0.5,0.0,351
1601,far,4,0.5,0.0,351
96,units_per_acre,1,21.78,0.0,351
718,units_per_acre,2,21.78,0.0,351
1838,far,5,0.5,0.0,351
97,units_per_acre,1,22.0,0.0,352
719,units_per_acre,2,22.0,0.0,352
2190,far,6,2.0,0.0,353
98,units_per_acre,1,20.0,0.0,353
720,units_per_acre,2,20.0,0.0,353
1602,far,4,2.0,0.0,353
1117,far,3,2.0,0.0,353
1118,far,3,1.0,0.0,354
2191,far,6,1.0,0.0,354
99,units_per_acre,1,21.0,0.0,354
721,units_per_acre,2,21.0,0.0,354
1603,far,4,1.0,0.0,354
1839,far,5,2.25,0.0,355
2192,far,6,2.25,0.0,355
1119,far,3,2.25,0.0,355
100,units_per_acre,1,19.602,0.0,355
1604,far,4,2.25,0.0,355
722,units_per_acre,2,19.602,0.0,355
101,units_per_acre,1,21.78,0.0,356
723,units_per_acre,2,21.78,0.0,356
724,units_per_acre,2,20.0,0.0,357
2193,far,6,1.5,0.0,357
102,units_per_acre,1,20.0,0.0,357
1605,far,4,1.5,0.0,357
1120,far,3,1.5,0.0,357
1121,far,3,1.25,0.0,358
103,units_per_acre,1,20.0,0.0,358
1606,far,4,1.25,0.0,358
2194,far,6,1.25,0.0,358
725,units_per_acre,2,20.0,0.0,358
104,units_per_acre,1,19.965,0.0,359
726,units_per_acre,2,19.965,0.0,359
2195,far,6,1.0,0.0,360
105,units_per_acre,1,20.0,8.0,360
1122,far,3,1.0,0.0,360
1607,far,4,1.0,0.0,360
727,units_per_acre,2,20.0,8.0,360
728,units_per_acre,2,20.0,10.0,361
1123,far,3,1.0,0.0,361
106,units_per_acre,1,20.0,10.0,361
1840,far,5,1.0,0.0,361
1608,far,4,1.0,0.0,361
2196,far,6,1.0,0.0,361
729,units_per_acre,2,20.0,10.0,362
2197,far,6,1.0,0.0,362
107,units_per_acre,1,20.0,10.0,362
1609,far,4,1.0,0.0,362
1124,far,3,1.0,0.0,362
730,units_per_acre,2,20.0,0.0,363
108,units_per_acre,1,20.0,0.0,363
1125,far,3,1.0,0.0,363
2198,far,6,1.0,0.0,363
1610,far,4,1.0,0.0,363
731,units_per_acre,2,20.0,0.0,364
109,units_per_acre,1,20.0,0.0,364
2199,far,6,0.88,0.0,364
1126,far,3,0.88,0.0,364
1611,far,4,0.88,0.0,364
110,units_per_acre,1,20.0,0.0,365
732,units_per_acre,2,20.0,0.0,365
1612,far,4,0.75,0.0,365
2200,far,6,0.75,0.0,365
1127,far,3,0.75,0.0,365
111,units_per_acre,1,20.0,0.0,366
733,units_per_acre,2,20.0,0.0,366
1613,far,4,0.75,0.0,366
1128,far,3,0.75,0.0,366
1614,far,4,0.7,0.0,367
112,units_per_acre,1,20.0,0.0,367
2201,far,6,0.7,0.0,367
1129,far,3,0.7,0.0,367
734,units_per_acre,2,20.0,0.0,367
735,units_per_acre,2,20.0,10.0,368
113,units_per_acre,1,20.0,10.0,368
2202,far,6,0.5,0.0,368
1615,far,4,0.5,0.0,368
1130,far,3,0.5,0.0,368
1616,far,4,0.5,0.0,369
2203,far,6,0.5,0.0,369
736,units_per_acre,2,20.0,0.0,369
114,units_per_acre,1,20.0,0.0,369
1841,far,5,0.5,0.0,369
1617,far,4,0.5,0.0,370
115,units_per_acre,1,20.0,0.0,370
2204,far,6,0.5,0.0,370
737,units_per_acre,2,20.0,0.0,370
1131,far,3,0.5,0.0,370
1618,far,4,2.5,0.0,371
1132,far,3,2.5,0.0,371
738,units_per_acre,2,18.0,0.0,371
116,units_per_acre,1,18.0,0.0,371
2205,far,6,2.5,0.0,371
2206,far,6,0.5,0.0,372
1619,far,4,0.5,0.0,372
117,units_per_acre,1,20.0,8.0,372
1133,far,3,0.5,0.0,372
739,units_per_acre,2,20.0,8.0,372
118,units_per_acre,1,20.0,15.0,373
2207,far,6,0.1,0.0,373
740,units_per_acre,2,20.0,15.0,373
741,units_per_acre,2,20.0,0.0,374
119,units_per_acre,1,20.0,0.0,374
120,units_per_acre,1,20.0,8.0,375
742,units_per_acre,2,20.0,8.0,375
1620,far,4,2.0,0.0,376
1842,far,5,2.0,0.0,376
2208,far,6,2.0,0.0,376
743,units_per_acre,2,18.0,0.0,376
121,units_per_acre,1,18.0,0.0,376
744,units_per_acre,2,20.0,10.0,377
122,units_per_acre,1,20.0,10.0,377
1134,far,3,1.0,0.0,378
2209,far,6,1.0,0.0,378
745,units_per_acre,2,19.0,0.0,378
1621,far,4,1.0,0.0,378
123,units_per_acre,1,19.0,0.0,378
124,units_per_acre,1,20.0,5.0,379
746,units_per_acre,2,20.0,5.0,379
1135,far,3,1.5,0.0,380
1622,far,4,1.5,0.0,380
125,units_per_acre,1,18.0,0.0,380
2210,far,6,1.5,0.0,380
747,units_per_acre,2,18.0,0.0,380
1623,far,4,2.0,0.0,381
126,units_per_acre,1,17.424,0.0,381
2211,far,6,2.0,0.0,381
1136,far,3,2.0,0.0,381
748,units_per_acre,2,17.424,0.0,381
127,units_per_acre,1,18.0,0.0,382
749,units_per_acre,2,18.0,0.0,382
1624,far,4,0.85,0.0,382
1137,far,3,0.85,0.0,382
2212,far,6,0.85,0.0,382
128,units_per_acre,1,18.0,8.0,383
1625,far,4,0.7,0.0,383
750,units_per_acre,2,18.0,8.0,383
2213,far,6,0.7,0.0,383
751,units_per_acre,2,18.0,0.0,384
1138,far,3,0.7,0.0,384
129,units_per_acre,1,18.0,0.0,384
2214,far,6,0.7,0.0,384
1626,far,4,0.7,0.0,384
1627,far,4,0.5,0.0,385
1139,far,3,0.5,0.0,385
2215,far,6,0.5,0.0,385
752,units_per_acre,2,18.0,0.0,385
130,units_per_acre,1,18.0,0.0,385
753,units_per_acre,2,18.5,0.0,386
131,units_per_acre,1,18.5,0.0,386
2216,far,6,0.2,0.0,387
1140,far,3,0.2,0.0,387
754,units_per_acre,2,18.0,0.0,387
132,units_per_acre,1,18.0,0.0,387
1628,far,4,0.2,0.0,387
755,units_per_acre,2,18.188,0.0,388
133,units_per_acre,1,18.188,0.0,388
134,units_per_acre,1,18.15,0.0,389
756,units_per_acre,2,18.15,0.0,389
135,units_per_acre,1,17.0,0.0,390
1141,far,3,1.0,0.0,390
757,units_per_acre,2,17.0,0.0,390
1629,far,4,1.0,0.0,390
2217,far,6,1.0,0.0,390
758,units_per_acre,2,18.0,9.6,391
136,units_per_acre,1,18.0,9.6,391
759,units_per_acre,2,18.0,10.0,392
137,units_per_acre,1,18.0,10.0,392
760,units_per_acre,2,18.0,0.0,393
138,units_per_acre,1,18.0,0.0,393
1142,far,3,1.5,0.0,394
139,units_per_acre,1,16.33,0.0,394
1630,far,4,1.5,0.0,394
761,units_per_acre,2,16.33,0.0,394
2218,far,6,1.5,0.0,394
762,units_per_acre,2,17.0,0.0,395
2219,far,6,0.75,0.0,395
1631,far,4,0.75,0.0,395
1143,far,3,0.75,0.0,395
140,units_per_acre,1,17.0,0.0,395
1632,far,4,0.5,0.0,396
1144,far,3,0.5,0.0,396
763,units_per_acre,2,17.0,0.0,396
2220,far,6,0.5,0.0,396
141,units_per_acre,1,17.0,0.0,396
764,units_per_acre,2,17.4,0.0,397
142,units_per_acre,1,17.4,0.0,397
1145,far,3,1.0,0.0,398
1633,far,4,1.0,0.0,398
143,units_per_acre,1,16.0,0.0,398
765,units_per_acre,2,16.0,0.0,398
766,units_per_acre,2,16.754,0.0,399
144,units_per_acre,1,16.754,0.0,399
1634,far,4,0.75,0.0,400
2221,far,6,0.75,0.0,400
145,units_per_acre,1,16.0,0.0,400
767,units_per_acre,2,16.0,0.0,400
1146,far,3,0.75,0.0,400
1635,far,4,0.7,0.0,401
146,units_per_acre,1,16.0,0.0,401
2222,far,6,0.7,0.0,401
768,units_per_acre,2,16.0,0.0,401
1636,far,4,0.7,0.0,402
769,units_per_acre,2,16.0,8.0,402
1147,far,3,0.7,0.0,402
147,units_per_acre,1,16.0,8.0,402
2223,far,6,0.7,0.0,402
148,units_per_acre,1,16.0,4.0,403
2224,far,6,0.7,0.0,403
1148,far,3,0.7,0.0,403
1637,far,4,0.7,0.0,403
770,units_per_acre,2,16.0,4.0,403
1638,far,4,0.5,0.0,404
1149,far,3,0.5,0.0,404
149,units_per_acre,1,16.0,0.0,404
2225,far,6,0.5,0.0,404
771,units_per_acre,2,16.0,0.0,404
772,units_per_acre,2,16.0,6.0,405
150,units_per_acre,1,16.0,6.0,405
151,units_per_acre,1,16.0,5.0,406
773,units_per_acre,2,16.0,5.0,406
152,units_per_acre,1,16.0,0.0,407
774,units_per_acre,2,16.0,0.0,407
153,units_per_acre,1,15.0,0.0,408
2226,far,6,0.8,0.0,408
1639,far,4,0.8,0.0,408
1150,far,3,0.8,0.0,408
775,units_per_acre,2,15.0,0.0,408
154,units_per_acre,1,15.0,0.0,409
1151,far,3,0.67,0.0,409
1640,far,4,0.67,0.0,409
776,units_per_acre,2,15.0,0.0,409
2227,far,6,0.67,0.0,409
777,units_per_acre,2,15.0,0.0,410
155,units_per_acre,1,15.0,0.0,410
2228,far,6,0.58,0.0,410
1152,far,3,0.58,0.0,410
1641,far,4,0.58,0.0,410
778,units_per_acre,2,15.0,0.0,411
1642,far,4,0.5,0.0,411
2229,far,6,0.5,0.0,411
1153,far,3,0.5,0.0,411
156,units_per_acre,1,15.0,0.0,411
779,units_per_acre,2,15.0,4.0,412
1154,far,3,0.5,0.0,412
157,units_per_acre,1,15.0,4.0,412
2230,far,6,0.5,0.0,412
1643,far,4,0.5,0.0,412
1155,far,3,0.45,0.0,413
780,units_per_acre,2,15.0,0.0,413
1644,far,4,0.45,0.0,413
158,units_per_acre,1,15.0,0.0,413
2231,far,6,0.45,0.0,413
1645,far,4,0.7,0.0,414
159,units_per_acre,1,14.52,0.0,414
781,units_per_acre,2,14.52,0.0,414
1156,far,3,0.7,0.0,414
2232,far,6,0.7,0.0,414
2233,far,6,0.5,0.0,415
160,units_per_acre,1,14.52,0.0,415
1157,far,3,0.5,0.0,415
1646,far,4,0.5,0.0,415
782,units_per_acre,2,14.52,0.0,415
161,units_per_acre,1,15.0,0.0,416
783,units_per_acre,2,15.0,0.0,416
162,units_per_acre,1,15.0,4.0,417
784,units_per_acre,2,15.0,4.0,417
785,units_per_acre,2,14.6,0.0,418
163,units_per_acre,1,14.6,0.0,418
786,units_per_acre,2,14.55,0.0,419
164,units_per_acre,1,14.55,0.0,419
165,units_per_acre,1,14.52,0.0,420
787,units_per_acre,2,14.52,0.0,420
166,units_per_acre,1,13.31,0.0,421
788,units_per_acre,2,13.31,0.0,421
2234,far,6,1.25,0.0,422
1647,far,4,1.25,0.0,422
167,units_per_acre,1,13.0,0.0,422
789,units_per_acre,2,13.0,0.0,422
1158,far,3,1.25,0.0,422
168,units_per_acre,1,14.0,11.0,423
790,units_per_acre,2,14.0,11.0,423
791,units_per_acre,2,14.0,0.0,424
169,units_per_acre,1,14.0,0.0,424
1648,far,4,0.7,0.0,425
1159,far,3,0.7,0.0,425
792,units_per_acre,2,13.0,0.0,425
2235,far,6,0.7,0.0,425
170,units_per_acre,1,13.0,0.0,425
171,units_per_acre,1,12.1,0.0,426
2236,far,6,1.5,0.0,426
1649,far,4,1.5,0.0,426
1160,far,3,1.5,0.0,426
793,units_per_acre,2,12.1,0.0,426
1161,far,3,0.5,0.0,427
794,units_per_acre,2,13.0,0.0,427
172,units_per_acre,1,13.0,0.0,427
2237,far,6,0.5,0.0,427
1650,far,4,0.5,0.0,427
795,units_per_acre,2,13.403,0.0,428
173,units_per_acre,1,13.403,0.0,428
2238,far,6,0.3,0.0,429
796,units_per_acre,2,13.068,1.0,429
174,units_per_acre,1,13.068,1.0,429
1651,far,4,0.3,0.0,429
1162,far,3,0.3,0.0,429
797,units_per_acre,2,12.1,0.0,430
1652,far,4,1.25,0.0,430
1163,far,3,1.25,0.0,430
175,units_per_acre,1,12.1,0.0,430
2239,far,6,1.25,0.0,430
1653,far,4,1.25,0.0,431
798,units_per_acre,2,12.1,0.0,431
1843,far,5,1.25,0.0,431
1164,far,3,1.25,0.0,431
176,units_per_acre,1,12.1,0.0,431
1654,far,4,1.25,0.0,432
177,units_per_acre,1,12.1,0.0,432
799,units_per_acre,2,12.1,0.0,432
1165,far,3,1.25,0.0,432
178,units_per_acre,1,13.29,0.0,433
800,units_per_acre,2,13.29,0.0,433
1166,far,3,1.0,0.0,434
801,units_per_acre,2,12.1,0.0,434
2240,far,6,1.0,0.0,434
179,units_per_acre,1,12.1,0.0,434
1655,far,4,1.0,0.0,434
1844,far,5,1.0,0.0,435
180,units_per_acre,1,12.1,0.0,435
1656,far,4,1.0,0.0,435
802,units_per_acre,2,12.1,0.0,435
1167,far,3,1.0,0.0,435
181,units_per_acre,1,13.003,0.0,436
803,units_per_acre,2,13.003,0.0,436
1657,far,4,1.0,0.0,437
1168,far,3,1.0,0.0,437
182,units_per_acre,1,12.0,0.0,437
2241,far,6,1.0,0.0,437
804,units_per_acre,2,12.0,0.0,437
1169,far,3,1.0,0.0,438
183,units_per_acre,1,12.0,0.0,438
2242,far,6,1.0,0.0,438
805,units_per_acre,2,12.0,0.0,438
1658,far,4,1.0,0.0,438
1659,far,4,1.0,0.0,439
806,units_per_acre,2,12.0,0.0,439
1170,far,3,1.0,0.0,439
184,units_per_acre,1,12.0,0.0,439
1171,far,3,0.8,0.0,440
2243,far,6,0.8,0.0,440
1660,far,4,0.8,0.0,440
185,units_per_acre,1,12.0,0.0,440
807,units_per_acre,2,12.0,0.0,440
808,units_per_acre,2,12.1,0.0,441
186,units_per_acre,1,12.1,0.0,441
1845,far,5,0.7,0.0,441
1661,far,4,0.7,0.0,441
1172,far,3,0.7,0.0,441
1173,far,3,0.75,0.0,442
2244,far,6,0.75,0.0,442
1662,far,4,0.75,0.0,442
187,units_per_acre,1,12.0,0.0,442
809,units_per_acre,2,12.0,0.0,442
1663,far,4,0.7,0.0,443
188,units_per_acre,1,12.0,6.0,443
2245,far,6,0.7,0.0,443
810,units_per_acre,2,12.0,6.0,443
1174,far,3,0.7,0.0,444
2246,far,6,0.7,0.0,444
1664,far,4,0.7,0.0,444
811,units_per_acre,2,12.0,0.0,444
189,units_per_acre,1,12.0,0.0,444
1665,far,4,0.7,0.0,445
1175,far,3,0.7,0.0,445
190,units_per_acre,1,12.0,6.0,445
2247,far,6,0.7,0.0,445
812,units_per_acre,2,12.0,6.0,445
1666,far,4,0.7,0.0,446
1176,far,3,0.7,0.0,446
2248,far,6,0.7,0.0,446
813,units_per_acre,2,12.0,0.0,446
191,units_per_acre,1,12.0,0.0,446
1846,far,5,0.7,0.0,446
192,units_per_acre,1,12.0,0.0,447
814,units_per_acre,2,12.0,0.0,447
2249,far,6,0.6,0.0,447
1177,far,3,0.6,0.0,447
1667,far,4,0.6,0.0,447
1668,far,4,0.5,0.0,448
193,units_per_acre,1,12.1,0.0,448
815,units_per_acre,2,12.1,0.0,448
1847,far,5,0.5,0.0,448
2250,far,6,0.5,0.0,449
816,units_per_acre,2,12.0,0.0,449
194,units_per_acre,1,12.0,0.0,449
2251,far,6,0.5,0.0,450
1669,far,4,0.5,0.0,450
817,units_per_acre,2,12.0,0.0,450
1178,far,3,0.5,0.0,450
195,units_per_acre,1,12.0,0.0,450
818,units_per_acre,2,12.5,0.0,451
196,units_per_acre,1,12.5,0.0,451
1179,far,3,0.5,0.0,452
2252,far,6,0.5,0.0,452
1848,far,5,0.5,0.0,452
1670,far,4,0.5,0.0,452
819,units_per_acre,2,12.0,0.0,452
197,units_per_acre,1,12.0,0.0,452
1671,far,4,0.5,0.0,453
820,units_per_acre,2,12.0,0.0,453
2253,far,6,0.5,0.0,453
198,units_per_acre,1,12.0,0.0,453
1849,far,5,0.5,0.0,453
821,units_per_acre,2,12.0,8.0,454
199,units_per_acre,1,12.0,8.0,454
1672,far,4,0.5,0.0,454
1180,far,3,0.5,0.0,454
2254,far,6,0.5,0.0,454
1181,far,3,0.4,0.0,455
1673,far,4,0.4,0.0,455
200,units_per_acre,1,12.0,0.0,455
2255,far,6,0.4,0.0,455
822,units_per_acre,2,12.0,0.0,455
201,units_per_acre,1,12.0,8.0,456
823,units_per_acre,2,12.0,8.0,456
2256,far,6,0.4,0.0,456
1182,far,3,0.4,0.0,456
1674,far,4,0.4,0.0,456
2257,far,6,0.2,0.0,457
824,units_per_acre,2,12.0,0.0,457
1183,far,3,0.2,0.0,457
202,units_per_acre,1,12.0,0.0,457
1675,far,4,0.2,0.0,457
2258,far,6,0.18,0.0,458
203,units_per_acre,1,12.0,0.0,458
1676,far,4,0.18,0.0,458
825,units_per_acre,2,12.0,0.0,458
1184,far,3,0.18,0.0,458
826,units_per_acre,2,12.1,0.0,459
204,units_per_acre,1,12.1,0.0,459
827,units_per_acre,2,12.0,0.0,460
205,units_per_acre,1,12.0,0.0,460
828,units_per_acre,2,12.0,8.0,461
206,units_per_acre,1,12.0,8.0,461
207,units_per_acre,1,12.0,6.0,462
829,units_per_acre,2,12.0,6.0,462
208,units_per_acre,1,12.0,5.0,463
830,units_per_acre,2,12.0,5.0,463
209,units_per_acre,1,11.0,0.0,464
1677,far,4,0.5,0.0,464
1185,far,3,0.5,0.0,464
2259,far,6,0.5,0.0,464
2260,far,6,0.5,0.0,465
1186,far,3,0.5,0.0,465
1678,far,4,0.5,0.0,465
210,units_per_acre,1,10.89,0.0,465
1187,far,3,1.0,0.0,466
1679,far,4,1.0,0.0,466
211,units_per_acre,1,10.0,0.0,466
2261,far,6,1.0,0.0,466
212,units_per_acre,1,10.89,0.0,467
1680,far,4,0.7,0.0,468
1188,far,3,0.7,0.0,468
2262,far,6,0.7,0.0,468
213,units_per_acre,1,10.0,0.0,468
1681,far,4,0.58,0.0,469
1189,far,3,0.58,0.0,469
214,units_per_acre,1,10.0,0.0,469
2263,far,6,0.5,0.0,470
1682,far,4,0.5,0.0,470
1190,far,3,0.5,0.0,470
215,units_per_acre,1,10.0,0.0,470
216,units_per_acre,1,10.0,0.0,471
2264,far,6,0.4,0.0,471
1191,far,3,0.4,0.0,471
1683,far,4,0.4,0.0,471
217,units_per_acre,1,10.25,0.0,472
218,units_per_acre,1,8.7,0.0,473
219,units_per_acre,1,10.13,0.0,474
220,units_per_acre,1,10.0,8.0,475
2265,far,6,0.05,0.0,475
221,units_per_acre,1,10.0,5.0,476
222,units_per_acre,1,10.0,8.0,477
223,units_per_acre,1,10.0,0.0,478
224,units_per_acre,1,10.0,6.0,479
1192,far,3,1.0,0.0,480
225,units_per_acre,1,8.7,0.0,480
2266,far,6,1.0,0.0,480
1684,far,4,1.0,0.0,480
226,units_per_acre,1,9.68,0.0,481
1193,far,3,0.5,0.0,482
2267,far,6,0.5,0.0,482
1685,far,4,0.5,0.0,482
227,units_per_acre,1,9.0,0.0,482
2268,far,6,0.6,0.0,483
1850,far,5,0.6,0.0,483
228,units_per_acre,1,8.712,0.0,483
1686,far,4,0.6,0.0,483
1194,far,3,0.6,0.0,483
229,units_per_acre,1,9.27,0.0,484
230,units_per_acre,1,8.712,0.0,485
2269,far,6,0.5,0.0,486
1195,far,3,0.5,0.0,486
1687,far,4,0.5,0.0,486
231,units_per_acre,1,8.712,0.0,486
232,units_per_acre,1,9.075,0.0,487
233,units_per_acre,1,9.0,0.0,488
2270,far,6,1.0,0.0,489
234,units_per_acre,1,8.0,0.0,489
1688,far,4,1.0,0.0,489
1196,far,3,1.0,0.0,489
235,units_per_acre,1,9.0,5.0,490
236,units_per_acre,1,7.3,0.0,491
1197,far,3,1.5,0.0,491
1689,far,4,1.5,0.0,491
2271,far,6,1.5,0.0,491
237,units_per_acre,1,8.712,0.0,492
238,units_per_acre,1,8.71,0.0,493
239,units_per_acre,1,8.7,0.0,494
240,units_per_acre,1,8.0,0.0,495
2272,far,6,0.7,0.0,495
1690,far,4,0.7,0.0,495
241,units_per_acre,1,8.0,0.0,496
2273,far,6,0.5,0.0,496
1691,far,4,0.5,0.0,496
1198,far,3,0.5,0.0,496
242,units_per_acre,1,8.0,0.0,497
2274,far,6,0.4,0.0,497
1692,far,4,4.0,0.0,498
243,units_per_acre,1,4.4,0.0,498
2275,far,6,4.0,0.0,498
1199,far,3,4.0,0.0,498
244,units_per_acre,1,8.067,0.0,499
245,units_per_acre,1,8.0,0.0,500
2276,far,6,0.0,0.0,500
1200,far,3,0.0,0.0,500
1693,far,4,0.0,0.0,500
246,units_per_acre,1,8.0,6.0,501
247,units_per_acre,1,8.0,0.0,502
2277,far,6,0.5,0.0,503
1694,far,4,0.5,0.0,503
248,units_per_acre,1,7.3,0.0,503
1695,far,4,0.5,0.0,504
2278,far,6,0.5,0.0,504
249,units_per_acre,1,7.3,0.0,504
1201,far,3,0.5,0.0,504
1696,far,4,0.7,0.0,505
250,units_per_acre,1,7.0,0.0,505
1202,far,3,0.7,0.0,505
2279,far,6,0.7,0.0,505
251,units_per_acre,1,6.05,0.0,506
252,units_per_acre,1,7.0,0.0,507
1697,far,4,0.6,0.0,507
2280,far,6,0.6,0.0,507
1203,far,3,0.6,0.0,507
253,units_per_acre,1,7.3,0.0,508
254,units_per_acre,1,7.26,0.0,509
255,units_per_acre,1,7.2,0.0,510
256,units_per_acre,1,7.0,0.0,511
257,units_per_acre,1,7.0,5.0,512
258,units_per_acre,1,6.91,0.0,513
259,units_per_acre,1,5.125,0.0,514
260,units_per_acre,1,6.702,0.0,515
261,units_per_acre,1,6.05,0.0,516
2281,far,6,0.6,0.0,516
1204,far,3,0.6,0.0,516
1698,far,4,0.6,0.0,516
1205,far,3,0.65,0.0,517
2282,far,6,0.65,0.0,517
1699,far,4,0.65,0.0,517
262,units_per_acre,1,6.0,0.0,517
263,units_per_acre,1,6.05,0.0,518
1700,far,4,0.5,0.0,518
1851,far,5,0.5,0.0,518
264,units_per_acre,1,6.05,0.0,519
2283,far,6,0.5,0.0,519
1701,far,4,0.5,0.0,519
1206,far,3,0.5,0.0,519
1207,far,3,0.5,0.0,520
2284,far,6,0.5,0.0,520
265,units_per_acre,1,6.0,0.0,520
1702,far,4,0.5,0.0,520
266,units_per_acre,1,6.453,0.0,521
267,units_per_acre,1,6.4,0.0,522
268,units_per_acre,1,6.22,0.0,523
269,units_per_acre,1,6.05,0.0,524
270,units_per_acre,1,6.0,1.0,525
2285,far,6,0.0,0.0,526
271,units_per_acre,1,6.0,0.0,526
272,units_per_acre,1,6.0,4.0,527
2286,far,6,6.0,0.0,528
1703,far,4,6.0,0.0,528
1208,far,3,6.0,0.0,528
273,units_per_acre,1,6.0,0.0,529
2287,far,6,0.0,0.0,529
1209,far,3,0.0,0.0,529
1704,far,4,0.0,0.0,529
274,units_per_acre,1,6.0,0.0,530
275,units_per_acre,1,5.808,0.0,531
276,units_per_acre,1,5.8,0.0,532
277,units_per_acre,1,5.672,0.0,533
1705,far,4,0.5,0.0,534
1210,far,3,0.5,0.0,534
278,units_per_acre,1,5.0,0.0,534
279,units_per_acre,1,5.5,0.0,535
280,units_per_acre,1,5.0,4.0,536
1211,far,3,0.5,0.0,536
2288,far,6,0.5,0.0,536
1706,far,4,0.5,0.0,536
281,units_per_acre,1,5.0,0.0,537
2289,far,6,0.5,0.0,537
1707,far,4,0.5,0.0,537
2290,far,6,0.5,0.0,538
1212,far,3,0.5,0.0,538
1708,far,4,0.5,0.0,538
282,units_per_acre,1,5.0,0.0,538
283,units_per_acre,1,5.0,4.0,539
2291,far,6,0.5,0.0,539
284,units_per_acre,1,5.45,0.0,540
285,units_per_acre,1,5.445,0.0,541
286,units_per_acre,1,5.186,0.0,542
287,units_per_acre,1,5.159,0.0,543
288,units_per_acre,1,5.125,0.0,544
289,units_per_acre,1,5.12,0.0,545
290,units_per_acre,1,5.0,4.0,546
2292,far,6,5.0,0.0,547
1709,far,4,5.0,0.0,547
1213,far,3,5.0,0.0,547
291,units_per_acre,1,5.0,0.0,548
292,units_per_acre,1,5.0,2.5,549
293,units_per_acre,1,5.0,1.0,550
1214,far,3,0.4,0.0,551
1710,far,4,0.4,0.0,551
2293,far,6,0.4,0.0,551
294,units_per_acre,1,4.4,0.0,551
295,units_per_acre,1,4.8,0.0,552
296,units_per_acre,1,4.77,0.0,553
2294,far,6,0.65,0.0,554
1711,far,4,0.65,0.0,554
1215,far,3,0.65,0.0,554
297,units_per_acre,1,4.0,0.0,554
298,units_per_acre,1,4.55,0.0,555
299,units_per_acre,1,4.538,0.0,556
300,units_per_acre,1,4.5,0.0,557
301,units_per_acre,1,4.0,0.0,558
302,units_per_acre,1,4.4,0.0,559
1216,far,3,0.4,0.0,560
1712,far,4,0.4,0.0,560
303,units_per_acre,1,4.0,0.0,560
304,units_per_acre,1,4.4,0.0,561
2295,far,6,0.0,0.0,561
1713,far,4,0.4,0.0,562
305,units_per_acre,1,4.0,0.0,562
2296,far,6,0.4,0.0,562
1217,far,3,0.4,0.0,562
306,units_per_acre,1,4.36,0.0,563
307,units_per_acre,1,4.356,0.0,564
308,units_per_acre,1,4.3,0.0,565
309,units_per_acre,1,4.04,0.0,566
1852,far,5,4.0,0.0,567
1218,far,3,4.0,0.0,567
1714,far,4,4.0,0.0,567
310,units_per_acre,1,4.0,0.0,568
311,units_per_acre,1,4.0,0.0,569
2297,far,6,0.0,0.0,569
1715,far,4,4.0,0.0,570
1219,far,3,4.0,0.0,570
312,units_per_acre,1,4.0,1.0,571
313,units_per_acre,1,3.7,0.0,572
314,units_per_acre,1,3.63,0.0,573
2298,far,6,0.5,0.0,574
315,units_per_acre,1,3.0,0.0,574
1220,far,3,0.5,0.0,574
1716,far,4,0.5,0.0,574
1221,far,3,3.5,0.0,575
1717,far,4,3.5,0.0,575
316,units_per_acre,1,3.5,0.0,576
1718,far,4,3.5,0.0,577
317,units_per_acre,1,3.485,0.0,578
318,units_per_acre,1,3.48,0.0,579
319,units_per_acre,1,3.25,0.0,580
320,units_per_acre,1,3.0,1.0,582
321,units_per_acre,1,3.0,0.0,583
1222,far,3,3.0,0.0,584
1719,far,4,3.0,0.0,584
2299,far,6,3.0,0.0,584
1720,far,4,1.0,0.0,585
322,units_per_acre,1,2.0,0.0,585
323,units_per_acre,1,2.5,0.0,586
2300,far,6,0.5,0.0,586
1223,far,3,0.5,0.0,586
1721,far,4,0.5,0.0,586
1224,far,3,3.0,0.0,587
1722,far,4,3.0,0.0,587
324,units_per_acre,1,2.904,0.0,588
325,units_per_acre,1,2.9,0.0,589
326,units_per_acre,1,2.7,0.0,590
327,units_per_acre,1,2.5,0.0,591
328,units_per_acre,1,2.323,0.0,592
1225,far,3,2.25,0.0,593
1723,far,4,2.25,0.0,593
1226,far,3,2.2,0.0,594
1724,far,4,2.2,0.0,594
329,units_per_acre,1,2.2,0.0,595
330,units_per_acre,1,2.18,0.0,596
331,units_per_acre,1,2.178,0.0,597
332,units_per_acre,1,2.15,0.0,598
2301,far,6,1.0,0.0,600
1725,far,4,1.0,0.0,600
1227,far,3,1.0,0.0,600
333,units_per_acre,1,1.0,0.0,600
334,units_per_acre,1,2.0,0.0,601
335,units_per_acre,1,2.0,1.0,602
2302,far,6,2.0,0.0,603
336,units_per_acre,1,0.0,0.0,603
1228,far,3,2.0,0.0,603
1726,far,4,2.0,0.0,603
1727,far,4,2.0,0.0,604
1229,far,3,2.0,0.0,604
1230,far,3,2.0,0.0,605
1728,far,4,2.0,0.0,605
1231,far,3,2.0,0.0,606
1729,far,4,2.0,0.0,606
1853,far,5,2.0,0.0,606
1232,far,3,2.0,0.0,607
1854,far,5,2.0,0.0,607
1730,far,4,2.0,0.0,607
1233,far,3,1.95,0.0,608
1731,far,4,1.95,0.0,608
1234,far,3,1.8,0.0,609
1732,far,4,1.8,0.0,609
1733,far,4,1.8,0.0,610
1235,far,3,0.75,0.0,611
2303,far,6,0.75,0.0,611
337,units_per_acre,1,1.0,0.0,611
1734,far,4,0.75,0.0,611
1236,far,3,1.75,0.0,612
1735,far,4,1.75,0.0,612
1736,far,4,1.65,0.0,613
1237,far,3,1.65,0.0,613
1238,far,3,1.6,0.0,614
1737,far,4,1.6,0.0,614
338,units_per_acre,1,1.556,0.0,616
1738,far,4,1.5,0.0,617
1739,far,4,1.5,0.0,618
1855,far,5,1.5,0.0,618
1239,far,3,1.5,0.0,618
1240,far,3,1.5,0.0,619
1740,far,4,1.5,0.0,619
2304,far,6,1.5,0.0,619
1856,far,5,1.5,0.0,620
1741,far,4,1.5,0.0,620
1241,far,3,1.5,0.0,620
1242,far,3,0.5,0.0,621
1742,far,4,0.5,0.0,621
2305,far,6,0.5,0.0,621
339,units_per_acre,1,1.0,0.0,621
1243,far,3,1.5,0.0,622
1743,far,4,1.5,0.0,622
340,units_per_acre,1,1.45,0.0,623
1744,far,4,1.4,0.0,624
2306,far,6,1.3,0.0,626
1244,far,3,1.3,0.0,626
1745,far,4,1.3,0.0,626
341,units_per_acre,1,0.0,0.0,626
1746,far,4,1.25,0.0,627
1245,far,3,1.25,0.0,627
342,units_per_acre,1,1.25,0.0,628
343,units_per_acre,1,1.245,0.0,629
344,units_per_acre,1,1.24,0.0,630
1246,far,3,1.2,0.0,632
1747,far,4,1.2,0.0,632
345,units_per_acre,1,1.14,0.0,633
346,units_per_acre,1,1.1,0.0,634
347,units_per_acre,1,1.089,0.0,635
1247,far,3,1.05,0.0,636
1748,far,4,1.05,0.0,636
1248,far,3,1.0,0.0,637
1749,far,4,1.0,0.0,637
1857,far,5,1.0,0.0,637
348,units_per_acre,1,0.0,0.0,638
1249,far,3,1.0,0.0,638
1750,far,4,1.0,0.0,638
1751,far,4,1.0,0.0,639
1858,far,5,1.0,0.0,639
1250,far,3,1.0,0.0,639
349,units_per_acre,1,1.0,0.0,640
1752,far,4,1.0,0.0,641
1251,far,3,1.0,0.0,642
1753,far,4,1.0,0.0,642
350,units_per_acre,1,0.0,0.0,642
2307,far,6,1.0,0.0,642
1754,far,4,1.0,0.0,643
1859,far,5,1.0,0.0,643
2308,far,6,1.0,0.0,644
1755,far,4,1.0,0.0,644
1252,far,3,1.0,0.0,644
1860,far,5,1.0,0.0,644
351,units_per_acre,1,1.0,1.0,646
1253,far,3,1.0,0.0,647
1756,far,4,1.0,0.0,647
2309,far,6,1.0,0.0,648
1757,far,4,1.0,0.0,648
1254,far,3,1.0,0.0,648
1758,far,4,1.0,0.0,649
1255,far,3,1.0,0.0,649
1861,far,5,0.9,0.0,650
1759,far,4,0.9,0.0,650
1256,far,3,0.8,0.0,652
1760,far,4,0.8,0.0,652
1862,far,5,0.8,0.0,652
1257,far,3,0.8,0.0,653
1761,far,4,0.8,0.0,653
1258,far,3,0.8,0.0,654
1762,far,4,0.8,0.0,654
1763,far,4,0.8,0.0,655
1863,far,5,0.8,0.0,655
1259,far,3,0.8,0.0,655
1864,far,5,0.75,0.0,656
1260,far,3,0.75,0.0,656
1764,far,4,0.75,0.0,656
1765,far,4,0.75,0.0,657
1766,far,4,0.75,0.0,658
1261,far,3,0.75,0.0,658
1262,far,3,0.75,0.0,659
2310,far,6,0.75,0.0,659
1767,far,4,0.75,0.0,659
1263,far,3,0.75,0.0,660
1768,far,4,0.75,0.0,660
1865,far,5,0.75,0.0,661
1769,far,4,0.75,0.0,661
1770,far,4,0.5,0.0,662
352,units_per_acre,1,0.2,0.0,662
1264,far,3,0.5,0.0,662
1771,far,4,0.7,0.0,663
1265,far,3,0.7,0.0,663
1866,far,5,0.7,0.0,664
1772,far,4,0.7,0.0,664
1867,far,5,0.7,0.0,665
1266,far,3,0.7,0.0,665
1773,far,4,0.7,0.0,665
1267,far,3,0.7,0.0,666
1774,far,4,0.7,0.0,666
1868,far,5,0.7,0.0,666
1775,far,4,0.65,0.0,667
1268,far,3,0.65,0.0,667
1776,far,4,0.6,0.0,668
1269,far,3,0.6,0.0,669
2311,far,6,0.6,0.0,669
1777,far,4,0.6,0.0,669
1778,far,4,0.6,0.0,670
1869,far,5,0.6,0.0,670
1870,far,5,0.6,0.0,671
1270,far,3,0.6,0.0,672
1779,far,4,0.6,0.0,672
1271,far,3,0.6,0.0,673
1780,far,4,0.6,0.0,673
1781,far,4,0.6,0.0,674
1871,far,5,0.6,0.0,674
1272,far,3,0.6,0.0,674
1782,far,4,0.6,0.0,675
1872,far,5,0.6,0.0,675
1273,far,3,0.6,0.0,675
1783,far,4,0.55,0.0,676
1274,far,3,0.55,0.0,676
1873,far,5,0.55,0.0,676
1784,far,4,0.5,0.0,677
1275,far,3,0.5,0.0,677
1276,far,3,0.5,0.0,678
2312,far,6,0.5,0.0,678
1874,far,5,0.5,0.0,678
1785,far,4,0.5,0.0,678
353,units_per_acre,1,0.5,0.0,679
1277,far,3,0.5,0.0,680
1786,far,4,0.5,0.0,680
2313,far,6,0.5,0.0,680
1787,far,4,0.5,0.0,681
354,units_per_acre,1,0.0,0.0,681
1875,far,5,0.5,0.0,681
2314,far,6,0.5,0.0,681
1876,far,5,0.5,0.0,682
1788,far,4,0.5,0.0,682
1877,far,5,0.5,0.0,683
1278,far,3,0.5,0.0,685
1878,far,5,0.5,0.0,685
1789,far,4,0.5,0.0,685
355,units_per_acre,1,0.0,0.0,685
1279,far,3,0.5,0.0,686
1790,far,4,0.5,0.0,686
356,units_per_acre,1,0.0,0.0,687
1791,far,4,0.5,0.0,687
1280,far,3,0.5,0.0,687
1792,far,4,0.5,0.0,688
1281,far,3,0.5,0.0,688
1879,far,5,0.5,0.0,688
1793,far,4,0.5,0.0,689
1282,far,3,0.5,0.0,689
1880,far,5,0.5,0.0,689
1881,far,5,0.45,0.0,690
1794,far,4,0.45,0.0,690
1882,far,5,0.45,0.0,691
1795,far,4,0.45,0.0,691
1283,far,3,0.45,0.0,691
357,units_per_acre,1,0.43,0.0,692
1796,far,4,0.4,0.0,693
1284,far,3,0.4,0.0,693
1883,far,5,0.4,0.0,693
1285,far,3,0.4,0.0,694
1884,far,5,0.4,0.0,694
1797,far,4,0.4,0.0,694
1885,far,5,0.4,0.0,695
1286,far,3,0.4,0.0,696
1798,far,4,0.4,0.0,696
1799,far,4,0.4,0.0,697
1287,far,3,0.4,0.0,697
358,units_per_acre,1,0.4,0.0,698
2315,far,6,0.4,0.0,699
1288,far,3,0.4,0.0,699
1800,far,4,0.4,0.0,699
359,units_per_acre,1,0.0,0.0,699
1289,far,3,0.38,0.0,700
1801,far,4,0.38,0.0,700
1802,far,4,0.38,0.0,701
1290,far,3,0.38,0.0,701
1886,far,5,0.35,0.0,702
1803,far,4,0.35,0.0,702
1291,far,3,0.35,0.0,702
1292,far,3,0.35,0.0,704
1804,far,4,0.35,0.0,704
1887,far,5,0.35,0.0,704
2316,far,6,0.35,0.0,704
1888,far,5,0.33,0.0,705
1805,far,4,0.33,0.0,705
1293,far,3,0.33,0.0,705
360,units_per_acre,1,0.2,0.0,706
1889,far,5,0.1,0.0,706
1890,far,5,0.3,0.0,707
1806,far,4,0.3,0.0,708
1294,far,3,0.3,0.0,708
361,units_per_acre,1,0.25,0.0,709
1807,far,4,0.25,0.0,710
1295,far,3,0.25,0.0,710
1891,far,5,0.25,0.0,711
362,units_per_acre,1,0.25,0.25,712
363,units_per_acre,1,0.2,0.0,714
364,units_per_acre,1,0.125,0.0,715
1892,far,5,0.1,0.0,716
365,units_per_acre,1,0.1,0.0,717
366,units_per_acre,1,0.05,0.0,718
367,units_per_acre,1,0.029,0.0,719
368,units_per_acre,1,0.025,0.0,720
2317,units_per_acre,1,0.0,0.0,1000
2319,far,3,0.0,0.0,1000
2318,units_per_acre,2,0.0,0.0,1000
